# start 2026-08-08T09:25:30.3NZ
1786181130.857764000	0	{"waiting":{"reason":"ContainerCreating"}}		
1786181131.898143000	1	{"running":{"startedAt":"2026-08-08T09:25:31Z"}}	2026-08-08T09:25:31Z	2026-08-08T09:25:31Z
1786181132.948876000	1	{"terminated":{"containerID":"containerd://6594153350a3fc05471a74a8059500ef16da5ad893f311e1585c7abf945bcaa8","exitCode":1,"finishedAt":"2026-08-08T09:25:31Z","reason":"Error","startedAt":"2026-08-08T09:25:31Z"}}	2026-08-08T09:25:31Z	2026-08-08T09:25:31Z
1786181134.003663000	1	{"terminated":{"containerID":"containerd://6594153350a3fc05471a74a8059500ef16da5ad893f311e1585c7abf945bcaa8","exitCode":1,"finishedAt":"2026-08-08T09:25:31Z","reason":"Error","startedAt":"2026-08-08T09:25:31Z"}}	2026-08-08T09:25:31Z	2026-08-08T09:25:31Z
1786181135.060525000	1	{"terminated":{"containerID":"containerd://6594153350a3fc05471a74a8059500ef16da5ad893f311e1585c7abf945bcaa8","exitCode":1,"finishedAt":"2026-08-08T09:25:31Z","reason":"Error","startedAt":"2026-08-08T09:25:31Z"}}	2026-08-08T09:25:31Z	2026-08-08T09:25:31Z
1786181136.115263000	1	{"terminated":{"containerID":"containerd://6594153350a3fc05471a74a8059500ef16da5ad893f311e1585c7abf945bcaa8","exitCode":1,"finishedAt":"2026-08-08T09:25:31Z","reason":"Error","startedAt":"2026-08-08T09:25:31Z"}}	2026-08-08T09:25:31Z	2026-08-08T09:25:31Z
1786181137.167586000	1	{"terminated":{"containerID":"containerd://6594153350a3fc05471a74a8059500ef16da5ad893f311e1585c7abf945bcaa8","exitCode":1,"finishedAt":"2026-08-08T09:25:31Z","reason":"Error","startedAt":"2026-08-08T09:25:31Z"}}	2026-08-08T09:25:31Z	2026-08-08T09:25:31Z
1786181138.233902000	1	{"terminated":{"containerID":"containerd://6594153350a3fc05471a74a8059500ef16da5ad893f311e1585c7abf945bcaa8","exitCode":1,"finishedAt":"2026-08-08T09:25:31Z","reason":"Error","startedAt":"2026-08-08T09:25:31Z"}}	2026-08-08T09:25:31Z	2026-08-08T09:25:31Z
1786181139.296731000	1	{"terminated":{"containerID":"containerd://6594153350a3fc05471a74a8059500ef16da5ad893f311e1585c7abf945bcaa8","exitCode":1,"finishedAt":"2026-08-08T09:25:31Z","reason":"Error","startedAt":"2026-08-08T09:25:31Z"}}	2026-08-08T09:25:31Z	2026-08-08T09:25:31Z
1786181140.359757000	1	{"terminated":{"containerID":"containerd://6594153350a3fc05471a74a8059500ef16da5ad893f311e1585c7abf945bcaa8","exitCode":1,"finishedAt":"2026-08-08T09:25:31Z","reason":"Error","startedAt":"2026-08-08T09:25:31Z"}}	2026-08-08T09:25:31Z	2026-08-08T09:25:31Z
1786181141.415494000	1	{"terminated":{"containerID":"containerd://6594153350a3fc05471a74a8059500ef16da5ad893f311e1585c7abf945bcaa8","exitCode":1,"finishedAt":"2026-08-08T09:25:31Z","reason":"Error","startedAt":"2026-08-08T09:25:31Z"}}	2026-08-08T09:25:31Z	2026-08-08T09:25:31Z
1786181142.461743000	1	{"terminated":{"containerID":"containerd://6594153350a3fc05471a74a8059500ef16da5ad893f311e1585c7abf945bcaa8","exitCode":1,"finishedAt":"2026-08-08T09:25:31Z","reason":"Error","startedAt":"2026-08-08T09:25:31Z"}}	2026-08-08T09:25:31Z	2026-08-08T09:25:31Z
1786181143.520038000	1	{"terminated":{"containerID":"containerd://6594153350a3fc05471a74a8059500ef16da5ad893f311e1585c7abf945bcaa8","exitCode":1,"finishedAt":"2026-08-08T09:25:31Z","reason":"Error","startedAt":"2026-08-08T09:25:31Z"}}	2026-08-08T09:25:31Z	2026-08-08T09:25:31Z
1786181144.575093000	2	{"running":{"startedAt":"2026-08-08T09:25:44Z"}}	2026-08-08T09:25:31Z	2026-08-08T09:25:31Z
1786181145.624856000	2	{"terminated":{"containerID":"containerd://78670feb50b5531a94bac52f0b998fcc0f161108d80fc7e0bd207284c3ef6c7a","exitCode":1,"finishedAt":"2026-08-08T09:25:44Z","reason":"Error","startedAt":"2026-08-08T09:25:44Z"}}	2026-08-08T09:25:31Z	2026-08-08T09:25:31Z
1786181146.682230000	2	{"terminated":{"containerID":"containerd://78670feb50b5531a94bac52f0b998fcc0f161108d80fc7e0bd207284c3ef6c7a","exitCode":1,"finishedAt":"2026-08-08T09:25:44Z","reason":"Error","startedAt":"2026-08-08T09:25:44Z"}}	2026-08-08T09:25:31Z	2026-08-08T09:25:31Z
1786181147.743315000	2	{"terminated":{"containerID":"containerd://78670feb50b5531a94bac52f0b998fcc0f161108d80fc7e0bd207284c3ef6c7a","exitCode":1,"finishedAt":"2026-08-08T09:25:44Z","reason":"Error","startedAt":"2026-08-08T09:25:44Z"}}	2026-08-08T09:25:31Z	2026-08-08T09:25:31Z
1786181148.797285000	2	{"terminated":{"containerID":"containerd://78670feb50b5531a94bac52f0b998fcc0f161108d80fc7e0bd207284c3ef6c7a","exitCode":1,"finishedAt":"2026-08-08T09:25:44Z","reason":"Error","startedAt":"2026-08-08T09:25:44Z"}}	2026-08-08T09:25:31Z	2026-08-08T09:25:31Z
1786181149.860097000	2	{"terminated":{"containerID":"containerd://78670feb50b5531a94bac52f0b998fcc0f161108d80fc7e0bd207284c3ef6c7a","exitCode":1,"finishedAt":"2026-08-08T09:25:44Z","reason":"Error","startedAt":"2026-08-08T09:25:44Z"}}	2026-08-08T09:25:31Z	2026-08-08T09:25:31Z
1786181150.921975000	2	{"terminated":{"containerID":"containerd://78670feb50b5531a94bac52f0b998fcc0f161108d80fc7e0bd207284c3ef6c7a","exitCode":1,"finishedAt":"2026-08-08T09:25:44Z","reason":"Error","startedAt":"2026-08-08T09:25:44Z"}}	2026-08-08T09:25:31Z	2026-08-08T09:25:31Z
1786181151.984566000	2	{"terminated":{"containerID":"containerd://78670feb50b5531a94bac52f0b998fcc0f161108d80fc7e0bd207284c3ef6c7a","exitCode":1,"finishedAt":"2026-08-08T09:25:44Z","reason":"Error","startedAt":"2026-08-08T09:25:44Z"}}	2026-08-08T09:25:31Z	2026-08-08T09:25:31Z
1786181153.049258000	2	{"terminated":{"containerID":"containerd://78670feb50b5531a94bac52f0b998fcc0f161108d80fc7e0bd207284c3ef6c7a","exitCode":1,"finishedAt":"2026-08-08T09:25:44Z","reason":"Error","startedAt":"2026-08-08T09:25:44Z"}}	2026-08-08T09:25:31Z	2026-08-08T09:25:31Z
1786181154.112459000	2	{"terminated":{"containerID":"containerd://78670feb50b5531a94bac52f0b998fcc0f161108d80fc7e0bd207284c3ef6c7a","exitCode":1,"finishedAt":"2026-08-08T09:25:44Z","reason":"Error","startedAt":"2026-08-08T09:25:44Z"}}	2026-08-08T09:25:31Z	2026-08-08T09:25:31Z
1786181155.177588000	2	{"terminated":{"containerID":"containerd://78670feb50b5531a94bac52f0b998fcc0f161108d80fc7e0bd207284c3ef6c7a","exitCode":1,"finishedAt":"2026-08-08T09:25:44Z","reason":"Error","startedAt":"2026-08-08T09:25:44Z"}}	2026-08-08T09:25:31Z	2026-08-08T09:25:31Z
1786181156.229521000	2	{"terminated":{"containerID":"containerd://78670feb50b5531a94bac52f0b998fcc0f161108d80fc7e0bd207284c3ef6c7a","exitCode":1,"finishedAt":"2026-08-08T09:25:44Z","reason":"Error","startedAt":"2026-08-08T09:25:44Z"}}	2026-08-08T09:25:31Z	2026-08-08T09:25:31Z
1786181157.283158000	2	{"terminated":{"containerID":"containerd://78670feb50b5531a94bac52f0b998fcc0f161108d80fc7e0bd207284c3ef6c7a","exitCode":1,"finishedAt":"2026-08-08T09:25:44Z","reason":"Error","startedAt":"2026-08-08T09:25:44Z"}}	2026-08-08T09:25:31Z	2026-08-08T09:25:31Z
1786181158.344055000	2	{"terminated":{"containerID":"containerd://78670feb50b5531a94bac52f0b998fcc0f161108d80fc7e0bd207284c3ef6c7a","exitCode":1,"finishedAt":"2026-08-08T09:25:44Z","reason":"Error","startedAt":"2026-08-08T09:25:44Z"}}	2026-08-08T09:25:31Z	2026-08-08T09:25:31Z
1786181159.405735000	2	{"terminated":{"containerID":"containerd://78670feb50b5531a94bac52f0b998fcc0f161108d80fc7e0bd207284c3ef6c7a","exitCode":1,"finishedAt":"2026-08-08T09:25:44Z","reason":"Error","startedAt":"2026-08-08T09:25:44Z"}}	2026-08-08T09:25:31Z	2026-08-08T09:25:31Z
1786181160.473226000	2	{"terminated":{"containerID":"containerd://78670feb50b5531a94bac52f0b998fcc0f161108d80fc7e0bd207284c3ef6c7a","exitCode":1,"finishedAt":"2026-08-08T09:25:44Z","reason":"Error","startedAt":"2026-08-08T09:25:44Z"}}	2026-08-08T09:25:31Z	2026-08-08T09:25:31Z
1786181161.531942000	2	{"terminated":{"containerID":"containerd://78670feb50b5531a94bac52f0b998fcc0f161108d80fc7e0bd207284c3ef6c7a","exitCode":1,"finishedAt":"2026-08-08T09:25:44Z","reason":"Error","startedAt":"2026-08-08T09:25:44Z"}}	2026-08-08T09:25:31Z	2026-08-08T09:25:31Z
1786181162.585555000	2	{"terminated":{"containerID":"containerd://78670feb50b5531a94bac52f0b998fcc0f161108d80fc7e0bd207284c3ef6c7a","exitCode":1,"finishedAt":"2026-08-08T09:25:44Z","reason":"Error","startedAt":"2026-08-08T09:25:44Z"}}	2026-08-08T09:25:31Z	2026-08-08T09:25:31Z
1786181163.650583000	2	{"terminated":{"containerID":"containerd://78670feb50b5531a94bac52f0b998fcc0f161108d80fc7e0bd207284c3ef6c7a","exitCode":1,"finishedAt":"2026-08-08T09:25:44Z","reason":"Error","startedAt":"2026-08-08T09:25:44Z"}}	2026-08-08T09:25:31Z	2026-08-08T09:25:31Z
1786181164.717158000	2	{"terminated":{"containerID":"containerd://78670feb50b5531a94bac52f0b998fcc0f161108d80fc7e0bd207284c3ef6c7a","exitCode":1,"finishedAt":"2026-08-08T09:25:44Z","reason":"Error","startedAt":"2026-08-08T09:25:44Z"}}	2026-08-08T09:25:31Z	2026-08-08T09:25:31Z
1786181165.783100000	2	{"terminated":{"containerID":"containerd://78670feb50b5531a94bac52f0b998fcc0f161108d80fc7e0bd207284c3ef6c7a","exitCode":1,"finishedAt":"2026-08-08T09:25:44Z","reason":"Error","startedAt":"2026-08-08T09:25:44Z"}}	2026-08-08T09:25:31Z	2026-08-08T09:25:31Z
1786181166.848582000	2	{"terminated":{"containerID":"containerd://78670feb50b5531a94bac52f0b998fcc0f161108d80fc7e0bd207284c3ef6c7a","exitCode":1,"finishedAt":"2026-08-08T09:25:44Z","reason":"Error","startedAt":"2026-08-08T09:25:44Z"}}	2026-08-08T09:25:31Z	2026-08-08T09:25:31Z
1786181167.915200000	2	{"terminated":{"containerID":"containerd://78670feb50b5531a94bac52f0b998fcc0f161108d80fc7e0bd207284c3ef6c7a","exitCode":1,"finishedAt":"2026-08-08T09:25:44Z","reason":"Error","startedAt":"2026-08-08T09:25:44Z"}}	2026-08-08T09:25:31Z	2026-08-08T09:25:31Z
1786181168.982072000	2	{"terminated":{"containerID":"containerd://78670feb50b5531a94bac52f0b998fcc0f161108d80fc7e0bd207284c3ef6c7a","exitCode":1,"finishedAt":"2026-08-08T09:25:44Z","reason":"Error","startedAt":"2026-08-08T09:25:44Z"}}	2026-08-08T09:25:31Z	2026-08-08T09:25:31Z
1786181170.047015000	2	{"terminated":{"containerID":"containerd://78670feb50b5531a94bac52f0b998fcc0f161108d80fc7e0bd207284c3ef6c7a","exitCode":1,"finishedAt":"2026-08-08T09:25:44Z","reason":"Error","startedAt":"2026-08-08T09:25:44Z"}}	2026-08-08T09:25:31Z	2026-08-08T09:25:31Z
1786181171.111282000	2	{"terminated":{"containerID":"containerd://78670feb50b5531a94bac52f0b998fcc0f161108d80fc7e0bd207284c3ef6c7a","exitCode":1,"finishedAt":"2026-08-08T09:25:44Z","reason":"Error","startedAt":"2026-08-08T09:25:44Z"}}	2026-08-08T09:25:31Z	2026-08-08T09:25:31Z
1786181172.174515000	3	{"terminated":{"containerID":"containerd://9b4940f923284d55b27b38ef987b9d028b9338fff51b34f1cf89813ec692e6f5","exitCode":1,"finishedAt":"2026-08-08T09:26:11Z","reason":"Error","startedAt":"2026-08-08T09:26:11Z"}}	2026-08-08T09:25:44Z	2026-08-08T09:25:44Z
1786181173.237753000	3	{"terminated":{"containerID":"containerd://9b4940f923284d55b27b38ef987b9d028b9338fff51b34f1cf89813ec692e6f5","exitCode":1,"finishedAt":"2026-08-08T09:26:11Z","reason":"Error","startedAt":"2026-08-08T09:26:11Z"}}	2026-08-08T09:25:44Z	2026-08-08T09:25:44Z
1786181174.298441000	3	{"terminated":{"containerID":"containerd://9b4940f923284d55b27b38ef987b9d028b9338fff51b34f1cf89813ec692e6f5","exitCode":1,"finishedAt":"2026-08-08T09:26:11Z","reason":"Error","startedAt":"2026-08-08T09:26:11Z"}}	2026-08-08T09:25:44Z	2026-08-08T09:25:44Z
1786181175.359451000	3	{"terminated":{"containerID":"containerd://9b4940f923284d55b27b38ef987b9d028b9338fff51b34f1cf89813ec692e6f5","exitCode":1,"finishedAt":"2026-08-08T09:26:11Z","reason":"Error","startedAt":"2026-08-08T09:26:11Z"}}	2026-08-08T09:25:44Z	2026-08-08T09:25:44Z
1786181176.422027000	3	{"terminated":{"containerID":"containerd://9b4940f923284d55b27b38ef987b9d028b9338fff51b34f1cf89813ec692e6f5","exitCode":1,"finishedAt":"2026-08-08T09:26:11Z","reason":"Error","startedAt":"2026-08-08T09:26:11Z"}}	2026-08-08T09:25:44Z	2026-08-08T09:25:44Z
1786181177.486324000	3	{"terminated":{"containerID":"containerd://9b4940f923284d55b27b38ef987b9d028b9338fff51b34f1cf89813ec692e6f5","exitCode":1,"finishedAt":"2026-08-08T09:26:11Z","reason":"Error","startedAt":"2026-08-08T09:26:11Z"}}	2026-08-08T09:25:44Z	2026-08-08T09:25:44Z
1786181178.550717000	3	{"terminated":{"containerID":"containerd://9b4940f923284d55b27b38ef987b9d028b9338fff51b34f1cf89813ec692e6f5","exitCode":1,"finishedAt":"2026-08-08T09:26:11Z","reason":"Error","startedAt":"2026-08-08T09:26:11Z"}}	2026-08-08T09:25:44Z	2026-08-08T09:25:44Z
1786181179.614095000	3	{"terminated":{"containerID":"containerd://9b4940f923284d55b27b38ef987b9d028b9338fff51b34f1cf89813ec692e6f5","exitCode":1,"finishedAt":"2026-08-08T09:26:11Z","reason":"Error","startedAt":"2026-08-08T09:26:11Z"}}	2026-08-08T09:25:44Z	2026-08-08T09:25:44Z
1786181180.678992000	3	{"terminated":{"containerID":"containerd://9b4940f923284d55b27b38ef987b9d028b9338fff51b34f1cf89813ec692e6f5","exitCode":1,"finishedAt":"2026-08-08T09:26:11Z","reason":"Error","startedAt":"2026-08-08T09:26:11Z"}}	2026-08-08T09:25:44Z	2026-08-08T09:25:44Z
1786181181.744859000	3	{"terminated":{"containerID":"containerd://9b4940f923284d55b27b38ef987b9d028b9338fff51b34f1cf89813ec692e6f5","exitCode":1,"finishedAt":"2026-08-08T09:26:11Z","reason":"Error","startedAt":"2026-08-08T09:26:11Z"}}	2026-08-08T09:25:44Z	2026-08-08T09:25:44Z
1786181182.804758000	3	{"terminated":{"containerID":"containerd://9b4940f923284d55b27b38ef987b9d028b9338fff51b34f1cf89813ec692e6f5","exitCode":1,"finishedAt":"2026-08-08T09:26:11Z","reason":"Error","startedAt":"2026-08-08T09:26:11Z"}}	2026-08-08T09:25:44Z	2026-08-08T09:25:44Z
1786181183.848459000	3	{"terminated":{"containerID":"containerd://9b4940f923284d55b27b38ef987b9d028b9338fff51b34f1cf89813ec692e6f5","exitCode":1,"finishedAt":"2026-08-08T09:26:11Z","reason":"Error","startedAt":"2026-08-08T09:26:11Z"}}	2026-08-08T09:25:44Z	2026-08-08T09:25:44Z
1786181184.894884000	3	{"terminated":{"containerID":"containerd://9b4940f923284d55b27b38ef987b9d028b9338fff51b34f1cf89813ec692e6f5","exitCode":1,"finishedAt":"2026-08-08T09:26:11Z","reason":"Error","startedAt":"2026-08-08T09:26:11Z"}}	2026-08-08T09:25:44Z	2026-08-08T09:25:44Z
1786181185.953299000	3	{"terminated":{"containerID":"containerd://9b4940f923284d55b27b38ef987b9d028b9338fff51b34f1cf89813ec692e6f5","exitCode":1,"finishedAt":"2026-08-08T09:26:11Z","reason":"Error","startedAt":"2026-08-08T09:26:11Z"}}	2026-08-08T09:25:44Z	2026-08-08T09:25:44Z
1786181187.017435000	3	{"terminated":{"containerID":"containerd://9b4940f923284d55b27b38ef987b9d028b9338fff51b34f1cf89813ec692e6f5","exitCode":1,"finishedAt":"2026-08-08T09:26:11Z","reason":"Error","startedAt":"2026-08-08T09:26:11Z"}}	2026-08-08T09:25:44Z	2026-08-08T09:25:44Z
1786181188.085251000	3	{"terminated":{"containerID":"containerd://9b4940f923284d55b27b38ef987b9d028b9338fff51b34f1cf89813ec692e6f5","exitCode":1,"finishedAt":"2026-08-08T09:26:11Z","reason":"Error","startedAt":"2026-08-08T09:26:11Z"}}	2026-08-08T09:25:44Z	2026-08-08T09:25:44Z
1786181189.150420000	3	{"terminated":{"containerID":"containerd://9b4940f923284d55b27b38ef987b9d028b9338fff51b34f1cf89813ec692e6f5","exitCode":1,"finishedAt":"2026-08-08T09:26:11Z","reason":"Error","startedAt":"2026-08-08T09:26:11Z"}}	2026-08-08T09:25:44Z	2026-08-08T09:25:44Z
1786181190.217237000	3	{"terminated":{"containerID":"containerd://9b4940f923284d55b27b38ef987b9d028b9338fff51b34f1cf89813ec692e6f5","exitCode":1,"finishedAt":"2026-08-08T09:26:11Z","reason":"Error","startedAt":"2026-08-08T09:26:11Z"}}	2026-08-08T09:25:44Z	2026-08-08T09:25:44Z
1786181191.282945000	3	{"terminated":{"containerID":"containerd://9b4940f923284d55b27b38ef987b9d028b9338fff51b34f1cf89813ec692e6f5","exitCode":1,"finishedAt":"2026-08-08T09:26:11Z","reason":"Error","startedAt":"2026-08-08T09:26:11Z"}}	2026-08-08T09:25:44Z	2026-08-08T09:25:44Z
1786181192.344776000	3	{"terminated":{"containerID":"containerd://9b4940f923284d55b27b38ef987b9d028b9338fff51b34f1cf89813ec692e6f5","exitCode":1,"finishedAt":"2026-08-08T09:26:11Z","reason":"Error","startedAt":"2026-08-08T09:26:11Z"}}	2026-08-08T09:25:44Z	2026-08-08T09:25:44Z
1786181193.406191000	3	{"terminated":{"containerID":"containerd://9b4940f923284d55b27b38ef987b9d028b9338fff51b34f1cf89813ec692e6f5","exitCode":1,"finishedAt":"2026-08-08T09:26:11Z","reason":"Error","startedAt":"2026-08-08T09:26:11Z"}}	2026-08-08T09:25:44Z	2026-08-08T09:25:44Z
1786181194.471054000	3	{"terminated":{"containerID":"containerd://9b4940f923284d55b27b38ef987b9d028b9338fff51b34f1cf89813ec692e6f5","exitCode":1,"finishedAt":"2026-08-08T09:26:11Z","reason":"Error","startedAt":"2026-08-08T09:26:11Z"}}	2026-08-08T09:25:44Z	2026-08-08T09:25:44Z
1786181195.526266000	3	{"terminated":{"containerID":"containerd://9b4940f923284d55b27b38ef987b9d028b9338fff51b34f1cf89813ec692e6f5","exitCode":1,"finishedAt":"2026-08-08T09:26:11Z","reason":"Error","startedAt":"2026-08-08T09:26:11Z"}}	2026-08-08T09:25:44Z	2026-08-08T09:25:44Z
1786181196.583356000	3	{"terminated":{"containerID":"containerd://9b4940f923284d55b27b38ef987b9d028b9338fff51b34f1cf89813ec692e6f5","exitCode":1,"finishedAt":"2026-08-08T09:26:11Z","reason":"Error","startedAt":"2026-08-08T09:26:11Z"}}	2026-08-08T09:25:44Z	2026-08-08T09:25:44Z
1786181197.649733000	3	{"terminated":{"containerID":"containerd://9b4940f923284d55b27b38ef987b9d028b9338fff51b34f1cf89813ec692e6f5","exitCode":1,"finishedAt":"2026-08-08T09:26:11Z","reason":"Error","startedAt":"2026-08-08T09:26:11Z"}}	2026-08-08T09:25:44Z	2026-08-08T09:25:44Z
1786181198.714731000	3	{"terminated":{"containerID":"containerd://9b4940f923284d55b27b38ef987b9d028b9338fff51b34f1cf89813ec692e6f5","exitCode":1,"finishedAt":"2026-08-08T09:26:11Z","reason":"Error","startedAt":"2026-08-08T09:26:11Z"}}	2026-08-08T09:25:44Z	2026-08-08T09:25:44Z
1786181199.778630000	3	{"terminated":{"containerID":"containerd://9b4940f923284d55b27b38ef987b9d028b9338fff51b34f1cf89813ec692e6f5","exitCode":1,"finishedAt":"2026-08-08T09:26:11Z","reason":"Error","startedAt":"2026-08-08T09:26:11Z"}}	2026-08-08T09:25:44Z	2026-08-08T09:25:44Z
1786181200.845133000	3	{"terminated":{"containerID":"containerd://9b4940f923284d55b27b38ef987b9d028b9338fff51b34f1cf89813ec692e6f5","exitCode":1,"finishedAt":"2026-08-08T09:26:11Z","reason":"Error","startedAt":"2026-08-08T09:26:11Z"}}	2026-08-08T09:25:44Z	2026-08-08T09:25:44Z
1786181201.902424000	3	{"terminated":{"containerID":"containerd://9b4940f923284d55b27b38ef987b9d028b9338fff51b34f1cf89813ec692e6f5","exitCode":1,"finishedAt":"2026-08-08T09:26:11Z","reason":"Error","startedAt":"2026-08-08T09:26:11Z"}}	2026-08-08T09:25:44Z	2026-08-08T09:25:44Z
1786181202.955829000	3	{"terminated":{"containerID":"containerd://9b4940f923284d55b27b38ef987b9d028b9338fff51b34f1cf89813ec692e6f5","exitCode":1,"finishedAt":"2026-08-08T09:26:11Z","reason":"Error","startedAt":"2026-08-08T09:26:11Z"}}	2026-08-08T09:25:44Z	2026-08-08T09:25:44Z
1786181204.020529000	3	{"terminated":{"containerID":"containerd://9b4940f923284d55b27b38ef987b9d028b9338fff51b34f1cf89813ec692e6f5","exitCode":1,"finishedAt":"2026-08-08T09:26:11Z","reason":"Error","startedAt":"2026-08-08T09:26:11Z"}}	2026-08-08T09:25:44Z	2026-08-08T09:25:44Z
1786181205.087476000	3	{"terminated":{"containerID":"containerd://9b4940f923284d55b27b38ef987b9d028b9338fff51b34f1cf89813ec692e6f5","exitCode":1,"finishedAt":"2026-08-08T09:26:11Z","reason":"Error","startedAt":"2026-08-08T09:26:11Z"}}	2026-08-08T09:25:44Z	2026-08-08T09:25:44Z
1786181206.153542000	3	{"terminated":{"containerID":"containerd://9b4940f923284d55b27b38ef987b9d028b9338fff51b34f1cf89813ec692e6f5","exitCode":1,"finishedAt":"2026-08-08T09:26:11Z","reason":"Error","startedAt":"2026-08-08T09:26:11Z"}}	2026-08-08T09:25:44Z	2026-08-08T09:25:44Z
1786181207.219594000	3	{"terminated":{"containerID":"containerd://9b4940f923284d55b27b38ef987b9d028b9338fff51b34f1cf89813ec692e6f5","exitCode":1,"finishedAt":"2026-08-08T09:26:11Z","reason":"Error","startedAt":"2026-08-08T09:26:11Z"}}	2026-08-08T09:25:44Z	2026-08-08T09:25:44Z
1786181208.285374000	3	{"terminated":{"containerID":"containerd://9b4940f923284d55b27b38ef987b9d028b9338fff51b34f1cf89813ec692e6f5","exitCode":1,"finishedAt":"2026-08-08T09:26:11Z","reason":"Error","startedAt":"2026-08-08T09:26:11Z"}}	2026-08-08T09:25:44Z	2026-08-08T09:25:44Z
1786181209.347483000	3	{"terminated":{"containerID":"containerd://9b4940f923284d55b27b38ef987b9d028b9338fff51b34f1cf89813ec692e6f5","exitCode":1,"finishedAt":"2026-08-08T09:26:11Z","reason":"Error","startedAt":"2026-08-08T09:26:11Z"}}	2026-08-08T09:25:44Z	2026-08-08T09:25:44Z
1786181210.409523000	3	{"terminated":{"containerID":"containerd://9b4940f923284d55b27b38ef987b9d028b9338fff51b34f1cf89813ec692e6f5","exitCode":1,"finishedAt":"2026-08-08T09:26:11Z","reason":"Error","startedAt":"2026-08-08T09:26:11Z"}}	2026-08-08T09:25:44Z	2026-08-08T09:25:44Z
1786181211.476562000	3	{"terminated":{"containerID":"containerd://9b4940f923284d55b27b38ef987b9d028b9338fff51b34f1cf89813ec692e6f5","exitCode":1,"finishedAt":"2026-08-08T09:26:11Z","reason":"Error","startedAt":"2026-08-08T09:26:11Z"}}	2026-08-08T09:25:44Z	2026-08-08T09:25:44Z
1786181212.541078000	3	{"terminated":{"containerID":"containerd://9b4940f923284d55b27b38ef987b9d028b9338fff51b34f1cf89813ec692e6f5","exitCode":1,"finishedAt":"2026-08-08T09:26:11Z","reason":"Error","startedAt":"2026-08-08T09:26:11Z"}}	2026-08-08T09:25:44Z	2026-08-08T09:25:44Z
1786181213.606482000	3	{"terminated":{"containerID":"containerd://9b4940f923284d55b27b38ef987b9d028b9338fff51b34f1cf89813ec692e6f5","exitCode":1,"finishedAt":"2026-08-08T09:26:11Z","reason":"Error","startedAt":"2026-08-08T09:26:11Z"}}	2026-08-08T09:25:44Z	2026-08-08T09:25:44Z
1786181214.672222000	3	{"terminated":{"containerID":"containerd://9b4940f923284d55b27b38ef987b9d028b9338fff51b34f1cf89813ec692e6f5","exitCode":1,"finishedAt":"2026-08-08T09:26:11Z","reason":"Error","startedAt":"2026-08-08T09:26:11Z"}}	2026-08-08T09:25:44Z	2026-08-08T09:25:44Z
1786181215.738910000	3	{"terminated":{"containerID":"containerd://9b4940f923284d55b27b38ef987b9d028b9338fff51b34f1cf89813ec692e6f5","exitCode":1,"finishedAt":"2026-08-08T09:26:11Z","reason":"Error","startedAt":"2026-08-08T09:26:11Z"}}	2026-08-08T09:25:44Z	2026-08-08T09:25:44Z
1786181216.807787000	3	{"terminated":{"containerID":"containerd://9b4940f923284d55b27b38ef987b9d028b9338fff51b34f1cf89813ec692e6f5","exitCode":1,"finishedAt":"2026-08-08T09:26:11Z","reason":"Error","startedAt":"2026-08-08T09:26:11Z"}}	2026-08-08T09:25:44Z	2026-08-08T09:25:44Z
1786181217.877057000	4	{"running":{"startedAt":"2026-08-08T09:26:57Z"}}	2026-08-08T09:26:11Z	2026-08-08T09:26:11Z
1786181218.937820000	4	{"terminated":{"containerID":"containerd://7833a92b6d210c05aa206beaa9a4c188145b62cea51a6fb5dc121c8899ce8816","exitCode":1,"finishedAt":"2026-08-08T09:26:57Z","reason":"Error","startedAt":"2026-08-08T09:26:57Z"}}	2026-08-08T09:26:11Z	2026-08-08T09:26:11Z
1786181220.002263000	4	{"terminated":{"containerID":"containerd://7833a92b6d210c05aa206beaa9a4c188145b62cea51a6fb5dc121c8899ce8816","exitCode":1,"finishedAt":"2026-08-08T09:26:57Z","reason":"Error","startedAt":"2026-08-08T09:26:57Z"}}	2026-08-08T09:26:11Z	2026-08-08T09:26:11Z
1786181221.065288000	4	{"terminated":{"containerID":"containerd://7833a92b6d210c05aa206beaa9a4c188145b62cea51a6fb5dc121c8899ce8816","exitCode":1,"finishedAt":"2026-08-08T09:26:57Z","reason":"Error","startedAt":"2026-08-08T09:26:57Z"}}	2026-08-08T09:26:11Z	2026-08-08T09:26:11Z
1786181222.129382000	4	{"terminated":{"containerID":"containerd://7833a92b6d210c05aa206beaa9a4c188145b62cea51a6fb5dc121c8899ce8816","exitCode":1,"finishedAt":"2026-08-08T09:26:57Z","reason":"Error","startedAt":"2026-08-08T09:26:57Z"}}	2026-08-08T09:26:11Z	2026-08-08T09:26:11Z
1786181223.195437000	4	{"terminated":{"containerID":"containerd://7833a92b6d210c05aa206beaa9a4c188145b62cea51a6fb5dc121c8899ce8816","exitCode":1,"finishedAt":"2026-08-08T09:26:57Z","reason":"Error","startedAt":"2026-08-08T09:26:57Z"}}	2026-08-08T09:26:11Z	2026-08-08T09:26:11Z
1786181224.259448000	4	{"terminated":{"containerID":"containerd://7833a92b6d210c05aa206beaa9a4c188145b62cea51a6fb5dc121c8899ce8816","exitCode":1,"finishedAt":"2026-08-08T09:26:57Z","reason":"Error","startedAt":"2026-08-08T09:26:57Z"}}	2026-08-08T09:26:11Z	2026-08-08T09:26:11Z
1786181225.326218000	4	{"terminated":{"containerID":"containerd://7833a92b6d210c05aa206beaa9a4c188145b62cea51a6fb5dc121c8899ce8816","exitCode":1,"finishedAt":"2026-08-08T09:26:57Z","reason":"Error","startedAt":"2026-08-08T09:26:57Z"}}	2026-08-08T09:26:11Z	2026-08-08T09:26:11Z
1786181226.390559000	4	{"terminated":{"containerID":"containerd://7833a92b6d210c05aa206beaa9a4c188145b62cea51a6fb5dc121c8899ce8816","exitCode":1,"finishedAt":"2026-08-08T09:26:57Z","reason":"Error","startedAt":"2026-08-08T09:26:57Z"}}	2026-08-08T09:26:11Z	2026-08-08T09:26:11Z
1786181227.441204000	4	{"terminated":{"containerID":"containerd://7833a92b6d210c05aa206beaa9a4c188145b62cea51a6fb5dc121c8899ce8816","exitCode":1,"finishedAt":"2026-08-08T09:26:57Z","reason":"Error","startedAt":"2026-08-08T09:26:57Z"}}	2026-08-08T09:26:11Z	2026-08-08T09:26:11Z
1786181228.503550000	4	{"terminated":{"containerID":"containerd://7833a92b6d210c05aa206beaa9a4c188145b62cea51a6fb5dc121c8899ce8816","exitCode":1,"finishedAt":"2026-08-08T09:26:57Z","reason":"Error","startedAt":"2026-08-08T09:26:57Z"}}	2026-08-08T09:26:11Z	2026-08-08T09:26:11Z
1786181229.566632000	4	{"terminated":{"containerID":"containerd://7833a92b6d210c05aa206beaa9a4c188145b62cea51a6fb5dc121c8899ce8816","exitCode":1,"finishedAt":"2026-08-08T09:26:57Z","reason":"Error","startedAt":"2026-08-08T09:26:57Z"}}	2026-08-08T09:26:11Z	2026-08-08T09:26:11Z
1786181230.631149000	4	{"terminated":{"containerID":"containerd://7833a92b6d210c05aa206beaa9a4c188145b62cea51a6fb5dc121c8899ce8816","exitCode":1,"finishedAt":"2026-08-08T09:26:57Z","reason":"Error","startedAt":"2026-08-08T09:26:57Z"}}	2026-08-08T09:26:11Z	2026-08-08T09:26:11Z
1786181231.696332000	4	{"terminated":{"containerID":"containerd://7833a92b6d210c05aa206beaa9a4c188145b62cea51a6fb5dc121c8899ce8816","exitCode":1,"finishedAt":"2026-08-08T09:26:57Z","reason":"Error","startedAt":"2026-08-08T09:26:57Z"}}	2026-08-08T09:26:11Z	2026-08-08T09:26:11Z
1786181232.760942000	4	{"terminated":{"containerID":"containerd://7833a92b6d210c05aa206beaa9a4c188145b62cea51a6fb5dc121c8899ce8816","exitCode":1,"finishedAt":"2026-08-08T09:26:57Z","reason":"Error","startedAt":"2026-08-08T09:26:57Z"}}	2026-08-08T09:26:11Z	2026-08-08T09:26:11Z
1786181233.825348000	4	{"terminated":{"containerID":"containerd://7833a92b6d210c05aa206beaa9a4c188145b62cea51a6fb5dc121c8899ce8816","exitCode":1,"finishedAt":"2026-08-08T09:26:57Z","reason":"Error","startedAt":"2026-08-08T09:26:57Z"}}	2026-08-08T09:26:11Z	2026-08-08T09:26:11Z
1786181234.889400000	4	{"terminated":{"containerID":"containerd://7833a92b6d210c05aa206beaa9a4c188145b62cea51a6fb5dc121c8899ce8816","exitCode":1,"finishedAt":"2026-08-08T09:26:57Z","reason":"Error","startedAt":"2026-08-08T09:26:57Z"}}	2026-08-08T09:26:11Z	2026-08-08T09:26:11Z
1786181235.952414000	4	{"terminated":{"containerID":"containerd://7833a92b6d210c05aa206beaa9a4c188145b62cea51a6fb5dc121c8899ce8816","exitCode":1,"finishedAt":"2026-08-08T09:26:57Z","reason":"Error","startedAt":"2026-08-08T09:26:57Z"}}	2026-08-08T09:26:11Z	2026-08-08T09:26:11Z
1786181237.016958000	4	{"terminated":{"containerID":"containerd://7833a92b6d210c05aa206beaa9a4c188145b62cea51a6fb5dc121c8899ce8816","exitCode":1,"finishedAt":"2026-08-08T09:26:57Z","reason":"Error","startedAt":"2026-08-08T09:26:57Z"}}	2026-08-08T09:26:11Z	2026-08-08T09:26:11Z
1786181238.083741000	4	{"terminated":{"containerID":"containerd://7833a92b6d210c05aa206beaa9a4c188145b62cea51a6fb5dc121c8899ce8816","exitCode":1,"finishedAt":"2026-08-08T09:26:57Z","reason":"Error","startedAt":"2026-08-08T09:26:57Z"}}	2026-08-08T09:26:11Z	2026-08-08T09:26:11Z
1786181239.150515000	4	{"terminated":{"containerID":"containerd://7833a92b6d210c05aa206beaa9a4c188145b62cea51a6fb5dc121c8899ce8816","exitCode":1,"finishedAt":"2026-08-08T09:26:57Z","reason":"Error","startedAt":"2026-08-08T09:26:57Z"}}	2026-08-08T09:26:11Z	2026-08-08T09:26:11Z
1786181240.216976000	4	{"terminated":{"containerID":"containerd://7833a92b6d210c05aa206beaa9a4c188145b62cea51a6fb5dc121c8899ce8816","exitCode":1,"finishedAt":"2026-08-08T09:26:57Z","reason":"Error","startedAt":"2026-08-08T09:26:57Z"}}	2026-08-08T09:26:11Z	2026-08-08T09:26:11Z
1786181241.281952000	4	{"terminated":{"containerID":"containerd://7833a92b6d210c05aa206beaa9a4c188145b62cea51a6fb5dc121c8899ce8816","exitCode":1,"finishedAt":"2026-08-08T09:26:57Z","reason":"Error","startedAt":"2026-08-08T09:26:57Z"}}	2026-08-08T09:26:11Z	2026-08-08T09:26:11Z
1786181242.345266000	4	{"terminated":{"containerID":"containerd://7833a92b6d210c05aa206beaa9a4c188145b62cea51a6fb5dc121c8899ce8816","exitCode":1,"finishedAt":"2026-08-08T09:26:57Z","reason":"Error","startedAt":"2026-08-08T09:26:57Z"}}	2026-08-08T09:26:11Z	2026-08-08T09:26:11Z
1786181243.405384000	4	{"terminated":{"containerID":"containerd://7833a92b6d210c05aa206beaa9a4c188145b62cea51a6fb5dc121c8899ce8816","exitCode":1,"finishedAt":"2026-08-08T09:26:57Z","reason":"Error","startedAt":"2026-08-08T09:26:57Z"}}	2026-08-08T09:26:11Z	2026-08-08T09:26:11Z
1786181244.457502000	4	{"terminated":{"containerID":"containerd://7833a92b6d210c05aa206beaa9a4c188145b62cea51a6fb5dc121c8899ce8816","exitCode":1,"finishedAt":"2026-08-08T09:26:57Z","reason":"Error","startedAt":"2026-08-08T09:26:57Z"}}	2026-08-08T09:26:11Z	2026-08-08T09:26:11Z
1786181245.517044000	4	{"terminated":{"containerID":"containerd://7833a92b6d210c05aa206beaa9a4c188145b62cea51a6fb5dc121c8899ce8816","exitCode":1,"finishedAt":"2026-08-08T09:26:57Z","reason":"Error","startedAt":"2026-08-08T09:26:57Z"}}	2026-08-08T09:26:11Z	2026-08-08T09:26:11Z
1786181246.571528000	4	{"terminated":{"containerID":"containerd://7833a92b6d210c05aa206beaa9a4c188145b62cea51a6fb5dc121c8899ce8816","exitCode":1,"finishedAt":"2026-08-08T09:26:57Z","reason":"Error","startedAt":"2026-08-08T09:26:57Z"}}	2026-08-08T09:26:11Z	2026-08-08T09:26:11Z
1786181247.618480000	4	{"terminated":{"containerID":"containerd://7833a92b6d210c05aa206beaa9a4c188145b62cea51a6fb5dc121c8899ce8816","exitCode":1,"finishedAt":"2026-08-08T09:26:57Z","reason":"Error","startedAt":"2026-08-08T09:26:57Z"}}	2026-08-08T09:26:11Z	2026-08-08T09:26:11Z
1786181248.671524000	4	{"terminated":{"containerID":"containerd://7833a92b6d210c05aa206beaa9a4c188145b62cea51a6fb5dc121c8899ce8816","exitCode":1,"finishedAt":"2026-08-08T09:26:57Z","reason":"Error","startedAt":"2026-08-08T09:26:57Z"}}	2026-08-08T09:26:11Z	2026-08-08T09:26:11Z
1786181249.708635000	4	{"terminated":{"containerID":"containerd://7833a92b6d210c05aa206beaa9a4c188145b62cea51a6fb5dc121c8899ce8816","exitCode":1,"finishedAt":"2026-08-08T09:26:57Z","reason":"Error","startedAt":"2026-08-08T09:26:57Z"}}	2026-08-08T09:26:11Z	2026-08-08T09:26:11Z
1786181250.760010000	4	{"terminated":{"containerID":"containerd://7833a92b6d210c05aa206beaa9a4c188145b62cea51a6fb5dc121c8899ce8816","exitCode":1,"finishedAt":"2026-08-08T09:26:57Z","reason":"Error","startedAt":"2026-08-08T09:26:57Z"}}	2026-08-08T09:26:11Z	2026-08-08T09:26:11Z
1786181251.809685000	4	{"terminated":{"containerID":"containerd://7833a92b6d210c05aa206beaa9a4c188145b62cea51a6fb5dc121c8899ce8816","exitCode":1,"finishedAt":"2026-08-08T09:26:57Z","reason":"Error","startedAt":"2026-08-08T09:26:57Z"}}	2026-08-08T09:26:11Z	2026-08-08T09:26:11Z
1786181252.844857000	4	{"terminated":{"containerID":"containerd://7833a92b6d210c05aa206beaa9a4c188145b62cea51a6fb5dc121c8899ce8816","exitCode":1,"finishedAt":"2026-08-08T09:26:57Z","reason":"Error","startedAt":"2026-08-08T09:26:57Z"}}	2026-08-08T09:26:11Z	2026-08-08T09:26:11Z
1786181253.881558000	4	{"terminated":{"containerID":"containerd://7833a92b6d210c05aa206beaa9a4c188145b62cea51a6fb5dc121c8899ce8816","exitCode":1,"finishedAt":"2026-08-08T09:26:57Z","reason":"Error","startedAt":"2026-08-08T09:26:57Z"}}	2026-08-08T09:26:11Z	2026-08-08T09:26:11Z
1786181254.916723000	4	{"terminated":{"containerID":"containerd://7833a92b6d210c05aa206beaa9a4c188145b62cea51a6fb5dc121c8899ce8816","exitCode":1,"finishedAt":"2026-08-08T09:26:57Z","reason":"Error","startedAt":"2026-08-08T09:26:57Z"}}	2026-08-08T09:26:11Z	2026-08-08T09:26:11Z
1786181255.985403000	4	{"terminated":{"containerID":"containerd://7833a92b6d210c05aa206beaa9a4c188145b62cea51a6fb5dc121c8899ce8816","exitCode":1,"finishedAt":"2026-08-08T09:26:57Z","reason":"Error","startedAt":"2026-08-08T09:26:57Z"}}	2026-08-08T09:26:11Z	2026-08-08T09:26:11Z
1786181257.037892000	4	{"terminated":{"containerID":"containerd://7833a92b6d210c05aa206beaa9a4c188145b62cea51a6fb5dc121c8899ce8816","exitCode":1,"finishedAt":"2026-08-08T09:26:57Z","reason":"Error","startedAt":"2026-08-08T09:26:57Z"}}	2026-08-08T09:26:11Z	2026-08-08T09:26:11Z
1786181258.104159000	4	{"terminated":{"containerID":"containerd://7833a92b6d210c05aa206beaa9a4c188145b62cea51a6fb5dc121c8899ce8816","exitCode":1,"finishedAt":"2026-08-08T09:26:57Z","reason":"Error","startedAt":"2026-08-08T09:26:57Z"}}	2026-08-08T09:26:11Z	2026-08-08T09:26:11Z
1786181259.170098000	4	{"terminated":{"containerID":"containerd://7833a92b6d210c05aa206beaa9a4c188145b62cea51a6fb5dc121c8899ce8816","exitCode":1,"finishedAt":"2026-08-08T09:26:57Z","reason":"Error","startedAt":"2026-08-08T09:26:57Z"}}	2026-08-08T09:26:11Z	2026-08-08T09:26:11Z
1786181260.234547000	4	{"terminated":{"containerID":"containerd://7833a92b6d210c05aa206beaa9a4c188145b62cea51a6fb5dc121c8899ce8816","exitCode":1,"finishedAt":"2026-08-08T09:26:57Z","reason":"Error","startedAt":"2026-08-08T09:26:57Z"}}	2026-08-08T09:26:11Z	2026-08-08T09:26:11Z
1786181261.297675000	4	{"terminated":{"containerID":"containerd://7833a92b6d210c05aa206beaa9a4c188145b62cea51a6fb5dc121c8899ce8816","exitCode":1,"finishedAt":"2026-08-08T09:26:57Z","reason":"Error","startedAt":"2026-08-08T09:26:57Z"}}	2026-08-08T09:26:11Z	2026-08-08T09:26:11Z
1786181262.349424000	4	{"terminated":{"containerID":"containerd://7833a92b6d210c05aa206beaa9a4c188145b62cea51a6fb5dc121c8899ce8816","exitCode":1,"finishedAt":"2026-08-08T09:26:57Z","reason":"Error","startedAt":"2026-08-08T09:26:57Z"}}	2026-08-08T09:26:11Z	2026-08-08T09:26:11Z
1786181263.400624000	4	{"terminated":{"containerID":"containerd://7833a92b6d210c05aa206beaa9a4c188145b62cea51a6fb5dc121c8899ce8816","exitCode":1,"finishedAt":"2026-08-08T09:26:57Z","reason":"Error","startedAt":"2026-08-08T09:26:57Z"}}	2026-08-08T09:26:11Z	2026-08-08T09:26:11Z
1786181264.463438000	4	{"terminated":{"containerID":"containerd://7833a92b6d210c05aa206beaa9a4c188145b62cea51a6fb5dc121c8899ce8816","exitCode":1,"finishedAt":"2026-08-08T09:26:57Z","reason":"Error","startedAt":"2026-08-08T09:26:57Z"}}	2026-08-08T09:26:11Z	2026-08-08T09:26:11Z
1786181265.524647000	4	{"terminated":{"containerID":"containerd://7833a92b6d210c05aa206beaa9a4c188145b62cea51a6fb5dc121c8899ce8816","exitCode":1,"finishedAt":"2026-08-08T09:26:57Z","reason":"Error","startedAt":"2026-08-08T09:26:57Z"}}	2026-08-08T09:26:11Z	2026-08-08T09:26:11Z
1786181266.587231000	4	{"terminated":{"containerID":"containerd://7833a92b6d210c05aa206beaa9a4c188145b62cea51a6fb5dc121c8899ce8816","exitCode":1,"finishedAt":"2026-08-08T09:26:57Z","reason":"Error","startedAt":"2026-08-08T09:26:57Z"}}	2026-08-08T09:26:11Z	2026-08-08T09:26:11Z
1786181267.645469000	4	{"terminated":{"containerID":"containerd://7833a92b6d210c05aa206beaa9a4c188145b62cea51a6fb5dc121c8899ce8816","exitCode":1,"finishedAt":"2026-08-08T09:26:57Z","reason":"Error","startedAt":"2026-08-08T09:26:57Z"}}	2026-08-08T09:26:11Z	2026-08-08T09:26:11Z
1786181268.696227000	4	{"terminated":{"containerID":"containerd://7833a92b6d210c05aa206beaa9a4c188145b62cea51a6fb5dc121c8899ce8816","exitCode":1,"finishedAt":"2026-08-08T09:26:57Z","reason":"Error","startedAt":"2026-08-08T09:26:57Z"}}	2026-08-08T09:26:11Z	2026-08-08T09:26:11Z
1786181269.760229000	4	{"terminated":{"containerID":"containerd://7833a92b6d210c05aa206beaa9a4c188145b62cea51a6fb5dc121c8899ce8816","exitCode":1,"finishedAt":"2026-08-08T09:26:57Z","reason":"Error","startedAt":"2026-08-08T09:26:57Z"}}	2026-08-08T09:26:11Z	2026-08-08T09:26:11Z
1786181270.810642000	4	{"terminated":{"containerID":"containerd://7833a92b6d210c05aa206beaa9a4c188145b62cea51a6fb5dc121c8899ce8816","exitCode":1,"finishedAt":"2026-08-08T09:26:57Z","reason":"Error","startedAt":"2026-08-08T09:26:57Z"}}	2026-08-08T09:26:11Z	2026-08-08T09:26:11Z
1786181271.861056000	4	{"terminated":{"containerID":"containerd://7833a92b6d210c05aa206beaa9a4c188145b62cea51a6fb5dc121c8899ce8816","exitCode":1,"finishedAt":"2026-08-08T09:26:57Z","reason":"Error","startedAt":"2026-08-08T09:26:57Z"}}	2026-08-08T09:26:11Z	2026-08-08T09:26:11Z
1786181272.923180000	4	{"terminated":{"containerID":"containerd://7833a92b6d210c05aa206beaa9a4c188145b62cea51a6fb5dc121c8899ce8816","exitCode":1,"finishedAt":"2026-08-08T09:26:57Z","reason":"Error","startedAt":"2026-08-08T09:26:57Z"}}	2026-08-08T09:26:11Z	2026-08-08T09:26:11Z
1786181273.986298000	4	{"terminated":{"containerID":"containerd://7833a92b6d210c05aa206beaa9a4c188145b62cea51a6fb5dc121c8899ce8816","exitCode":1,"finishedAt":"2026-08-08T09:26:57Z","reason":"Error","startedAt":"2026-08-08T09:26:57Z"}}	2026-08-08T09:26:11Z	2026-08-08T09:26:11Z
1786181275.052793000	4	{"terminated":{"containerID":"containerd://7833a92b6d210c05aa206beaa9a4c188145b62cea51a6fb5dc121c8899ce8816","exitCode":1,"finishedAt":"2026-08-08T09:26:57Z","reason":"Error","startedAt":"2026-08-08T09:26:57Z"}}	2026-08-08T09:26:11Z	2026-08-08T09:26:11Z
1786181276.119456000	4	{"terminated":{"containerID":"containerd://7833a92b6d210c05aa206beaa9a4c188145b62cea51a6fb5dc121c8899ce8816","exitCode":1,"finishedAt":"2026-08-08T09:26:57Z","reason":"Error","startedAt":"2026-08-08T09:26:57Z"}}	2026-08-08T09:26:11Z	2026-08-08T09:26:11Z
1786181277.183073000	4	{"terminated":{"containerID":"containerd://7833a92b6d210c05aa206beaa9a4c188145b62cea51a6fb5dc121c8899ce8816","exitCode":1,"finishedAt":"2026-08-08T09:26:57Z","reason":"Error","startedAt":"2026-08-08T09:26:57Z"}}	2026-08-08T09:26:11Z	2026-08-08T09:26:11Z
1786181278.248614000	4	{"terminated":{"containerID":"containerd://7833a92b6d210c05aa206beaa9a4c188145b62cea51a6fb5dc121c8899ce8816","exitCode":1,"finishedAt":"2026-08-08T09:26:57Z","reason":"Error","startedAt":"2026-08-08T09:26:57Z"}}	2026-08-08T09:26:11Z	2026-08-08T09:26:11Z
1786181279.313219000	4	{"terminated":{"containerID":"containerd://7833a92b6d210c05aa206beaa9a4c188145b62cea51a6fb5dc121c8899ce8816","exitCode":1,"finishedAt":"2026-08-08T09:26:57Z","reason":"Error","startedAt":"2026-08-08T09:26:57Z"}}	2026-08-08T09:26:11Z	2026-08-08T09:26:11Z
1786181280.376905000	4	{"terminated":{"containerID":"containerd://7833a92b6d210c05aa206beaa9a4c188145b62cea51a6fb5dc121c8899ce8816","exitCode":1,"finishedAt":"2026-08-08T09:26:57Z","reason":"Error","startedAt":"2026-08-08T09:26:57Z"}}	2026-08-08T09:26:11Z	2026-08-08T09:26:11Z
1786181281.438425000	4	{"terminated":{"containerID":"containerd://7833a92b6d210c05aa206beaa9a4c188145b62cea51a6fb5dc121c8899ce8816","exitCode":1,"finishedAt":"2026-08-08T09:26:57Z","reason":"Error","startedAt":"2026-08-08T09:26:57Z"}}	2026-08-08T09:26:11Z	2026-08-08T09:26:11Z
1786181282.504003000	4	{"terminated":{"containerID":"containerd://7833a92b6d210c05aa206beaa9a4c188145b62cea51a6fb5dc121c8899ce8816","exitCode":1,"finishedAt":"2026-08-08T09:26:57Z","reason":"Error","startedAt":"2026-08-08T09:26:57Z"}}	2026-08-08T09:26:11Z	2026-08-08T09:26:11Z
1786181283.566469000	4	{"terminated":{"containerID":"containerd://7833a92b6d210c05aa206beaa9a4c188145b62cea51a6fb5dc121c8899ce8816","exitCode":1,"finishedAt":"2026-08-08T09:26:57Z","reason":"Error","startedAt":"2026-08-08T09:26:57Z"}}	2026-08-08T09:26:11Z	2026-08-08T09:26:11Z
1786181284.630193000	4	{"terminated":{"containerID":"containerd://7833a92b6d210c05aa206beaa9a4c188145b62cea51a6fb5dc121c8899ce8816","exitCode":1,"finishedAt":"2026-08-08T09:26:57Z","reason":"Error","startedAt":"2026-08-08T09:26:57Z"}}	2026-08-08T09:26:11Z	2026-08-08T09:26:11Z
1786181285.696638000	4	{"terminated":{"containerID":"containerd://7833a92b6d210c05aa206beaa9a4c188145b62cea51a6fb5dc121c8899ce8816","exitCode":1,"finishedAt":"2026-08-08T09:26:57Z","reason":"Error","startedAt":"2026-08-08T09:26:57Z"}}	2026-08-08T09:26:11Z	2026-08-08T09:26:11Z
1786181286.763594000	4	{"terminated":{"containerID":"containerd://7833a92b6d210c05aa206beaa9a4c188145b62cea51a6fb5dc121c8899ce8816","exitCode":1,"finishedAt":"2026-08-08T09:26:57Z","reason":"Error","startedAt":"2026-08-08T09:26:57Z"}}	2026-08-08T09:26:11Z	2026-08-08T09:26:11Z
1786181287.830562000	4	{"terminated":{"containerID":"containerd://7833a92b6d210c05aa206beaa9a4c188145b62cea51a6fb5dc121c8899ce8816","exitCode":1,"finishedAt":"2026-08-08T09:26:57Z","reason":"Error","startedAt":"2026-08-08T09:26:57Z"}}	2026-08-08T09:26:11Z	2026-08-08T09:26:11Z
1786181288.896526000	4	{"terminated":{"containerID":"containerd://7833a92b6d210c05aa206beaa9a4c188145b62cea51a6fb5dc121c8899ce8816","exitCode":1,"finishedAt":"2026-08-08T09:26:57Z","reason":"Error","startedAt":"2026-08-08T09:26:57Z"}}	2026-08-08T09:26:11Z	2026-08-08T09:26:11Z
1786181289.959773000	4	{"terminated":{"containerID":"containerd://7833a92b6d210c05aa206beaa9a4c188145b62cea51a6fb5dc121c8899ce8816","exitCode":1,"finishedAt":"2026-08-08T09:26:57Z","reason":"Error","startedAt":"2026-08-08T09:26:57Z"}}	2026-08-08T09:26:11Z	2026-08-08T09:26:11Z
1786181291.015950000	4	{"terminated":{"containerID":"containerd://7833a92b6d210c05aa206beaa9a4c188145b62cea51a6fb5dc121c8899ce8816","exitCode":1,"finishedAt":"2026-08-08T09:26:57Z","reason":"Error","startedAt":"2026-08-08T09:26:57Z"}}	2026-08-08T09:26:11Z	2026-08-08T09:26:11Z
1786181292.078366000	4	{"terminated":{"containerID":"containerd://7833a92b6d210c05aa206beaa9a4c188145b62cea51a6fb5dc121c8899ce8816","exitCode":1,"finishedAt":"2026-08-08T09:26:57Z","reason":"Error","startedAt":"2026-08-08T09:26:57Z"}}	2026-08-08T09:26:11Z	2026-08-08T09:26:11Z
1786181293.143351000	4	{"terminated":{"containerID":"containerd://7833a92b6d210c05aa206beaa9a4c188145b62cea51a6fb5dc121c8899ce8816","exitCode":1,"finishedAt":"2026-08-08T09:26:57Z","reason":"Error","startedAt":"2026-08-08T09:26:57Z"}}	2026-08-08T09:26:11Z	2026-08-08T09:26:11Z
1786181294.207560000	4	{"terminated":{"containerID":"containerd://7833a92b6d210c05aa206beaa9a4c188145b62cea51a6fb5dc121c8899ce8816","exitCode":1,"finishedAt":"2026-08-08T09:26:57Z","reason":"Error","startedAt":"2026-08-08T09:26:57Z"}}	2026-08-08T09:26:11Z	2026-08-08T09:26:11Z
1786181295.272151000	4	{"terminated":{"containerID":"containerd://7833a92b6d210c05aa206beaa9a4c188145b62cea51a6fb5dc121c8899ce8816","exitCode":1,"finishedAt":"2026-08-08T09:26:57Z","reason":"Error","startedAt":"2026-08-08T09:26:57Z"}}	2026-08-08T09:26:11Z	2026-08-08T09:26:11Z
1786181296.339097000	4	{"terminated":{"containerID":"containerd://7833a92b6d210c05aa206beaa9a4c188145b62cea51a6fb5dc121c8899ce8816","exitCode":1,"finishedAt":"2026-08-08T09:26:57Z","reason":"Error","startedAt":"2026-08-08T09:26:57Z"}}	2026-08-08T09:26:11Z	2026-08-08T09:26:11Z
1786181297.406262000	4	{"terminated":{"containerID":"containerd://7833a92b6d210c05aa206beaa9a4c188145b62cea51a6fb5dc121c8899ce8816","exitCode":1,"finishedAt":"2026-08-08T09:26:57Z","reason":"Error","startedAt":"2026-08-08T09:26:57Z"}}	2026-08-08T09:26:11Z	2026-08-08T09:26:11Z
1786181298.469634000	4	{"terminated":{"containerID":"containerd://7833a92b6d210c05aa206beaa9a4c188145b62cea51a6fb5dc121c8899ce8816","exitCode":1,"finishedAt":"2026-08-08T09:26:57Z","reason":"Error","startedAt":"2026-08-08T09:26:57Z"}}	2026-08-08T09:26:11Z	2026-08-08T09:26:11Z
1786181299.532387000	4	{"terminated":{"containerID":"containerd://7833a92b6d210c05aa206beaa9a4c188145b62cea51a6fb5dc121c8899ce8816","exitCode":1,"finishedAt":"2026-08-08T09:26:57Z","reason":"Error","startedAt":"2026-08-08T09:26:57Z"}}	2026-08-08T09:26:11Z	2026-08-08T09:26:11Z
1786181300.598530000	4	{"terminated":{"containerID":"containerd://7833a92b6d210c05aa206beaa9a4c188145b62cea51a6fb5dc121c8899ce8816","exitCode":1,"finishedAt":"2026-08-08T09:26:57Z","reason":"Error","startedAt":"2026-08-08T09:26:57Z"}}	2026-08-08T09:26:11Z	2026-08-08T09:26:11Z
1786181301.662840000	4	{"terminated":{"containerID":"containerd://7833a92b6d210c05aa206beaa9a4c188145b62cea51a6fb5dc121c8899ce8816","exitCode":1,"finishedAt":"2026-08-08T09:26:57Z","reason":"Error","startedAt":"2026-08-08T09:26:57Z"}}	2026-08-08T09:26:11Z	2026-08-08T09:26:11Z
1786181302.727332000	4	{"terminated":{"containerID":"containerd://7833a92b6d210c05aa206beaa9a4c188145b62cea51a6fb5dc121c8899ce8816","exitCode":1,"finishedAt":"2026-08-08T09:26:57Z","reason":"Error","startedAt":"2026-08-08T09:26:57Z"}}	2026-08-08T09:26:11Z	2026-08-08T09:26:11Z
1786181303.794029000	5	{"running":{"startedAt":"2026-08-08T09:28:23Z"}}	2026-08-08T09:26:57Z	2026-08-08T09:26:57Z
1786181304.857167000	5	{"terminated":{"containerID":"containerd://674f99069a2854502c89382e2657143b2b8813dac9c4df897ca252c29048006e","exitCode":1,"finishedAt":"2026-08-08T09:28:23Z","reason":"Error","startedAt":"2026-08-08T09:28:23Z"}}	2026-08-08T09:26:57Z	2026-08-08T09:26:57Z
1786181305.922817000	5	{"terminated":{"containerID":"containerd://674f99069a2854502c89382e2657143b2b8813dac9c4df897ca252c29048006e","exitCode":1,"finishedAt":"2026-08-08T09:28:23Z","reason":"Error","startedAt":"2026-08-08T09:28:23Z"}}	2026-08-08T09:26:57Z	2026-08-08T09:26:57Z
1786181306.990897000	5	{"terminated":{"containerID":"containerd://674f99069a2854502c89382e2657143b2b8813dac9c4df897ca252c29048006e","exitCode":1,"finishedAt":"2026-08-08T09:28:23Z","reason":"Error","startedAt":"2026-08-08T09:28:23Z"}}	2026-08-08T09:26:57Z	2026-08-08T09:26:57Z
1786181308.057113000	5	{"terminated":{"containerID":"containerd://674f99069a2854502c89382e2657143b2b8813dac9c4df897ca252c29048006e","exitCode":1,"finishedAt":"2026-08-08T09:28:23Z","reason":"Error","startedAt":"2026-08-08T09:28:23Z"}}	2026-08-08T09:26:57Z	2026-08-08T09:26:57Z
1786181309.121110000	5	{"terminated":{"containerID":"containerd://674f99069a2854502c89382e2657143b2b8813dac9c4df897ca252c29048006e","exitCode":1,"finishedAt":"2026-08-08T09:28:23Z","reason":"Error","startedAt":"2026-08-08T09:28:23Z"}}	2026-08-08T09:26:57Z	2026-08-08T09:26:57Z
1786181310.186413000	5	{"terminated":{"containerID":"containerd://674f99069a2854502c89382e2657143b2b8813dac9c4df897ca252c29048006e","exitCode":1,"finishedAt":"2026-08-08T09:28:23Z","reason":"Error","startedAt":"2026-08-08T09:28:23Z"}}	2026-08-08T09:26:57Z	2026-08-08T09:26:57Z
1786181311.254218000	5	{"terminated":{"containerID":"containerd://674f99069a2854502c89382e2657143b2b8813dac9c4df897ca252c29048006e","exitCode":1,"finishedAt":"2026-08-08T09:28:23Z","reason":"Error","startedAt":"2026-08-08T09:28:23Z"}}	2026-08-08T09:26:57Z	2026-08-08T09:26:57Z
1786181312.318114000	5	{"terminated":{"containerID":"containerd://674f99069a2854502c89382e2657143b2b8813dac9c4df897ca252c29048006e","exitCode":1,"finishedAt":"2026-08-08T09:28:23Z","reason":"Error","startedAt":"2026-08-08T09:28:23Z"}}	2026-08-08T09:26:57Z	2026-08-08T09:26:57Z
1786181313.377772000	5	{"terminated":{"containerID":"containerd://674f99069a2854502c89382e2657143b2b8813dac9c4df897ca252c29048006e","exitCode":1,"finishedAt":"2026-08-08T09:28:23Z","reason":"Error","startedAt":"2026-08-08T09:28:23Z"}}	2026-08-08T09:26:57Z	2026-08-08T09:26:57Z
1786181314.440059000	5	{"terminated":{"containerID":"containerd://674f99069a2854502c89382e2657143b2b8813dac9c4df897ca252c29048006e","exitCode":1,"finishedAt":"2026-08-08T09:28:23Z","reason":"Error","startedAt":"2026-08-08T09:28:23Z"}}	2026-08-08T09:26:57Z	2026-08-08T09:26:57Z
1786181315.501837000	5	{"terminated":{"containerID":"containerd://674f99069a2854502c89382e2657143b2b8813dac9c4df897ca252c29048006e","exitCode":1,"finishedAt":"2026-08-08T09:28:23Z","reason":"Error","startedAt":"2026-08-08T09:28:23Z"}}	2026-08-08T09:26:57Z	2026-08-08T09:26:57Z
1786181316.568428000	5	{"terminated":{"containerID":"containerd://674f99069a2854502c89382e2657143b2b8813dac9c4df897ca252c29048006e","exitCode":1,"finishedAt":"2026-08-08T09:28:23Z","reason":"Error","startedAt":"2026-08-08T09:28:23Z"}}	2026-08-08T09:26:57Z	2026-08-08T09:26:57Z
1786181317.634453000	5	{"terminated":{"containerID":"containerd://674f99069a2854502c89382e2657143b2b8813dac9c4df897ca252c29048006e","exitCode":1,"finishedAt":"2026-08-08T09:28:23Z","reason":"Error","startedAt":"2026-08-08T09:28:23Z"}}	2026-08-08T09:26:57Z	2026-08-08T09:26:57Z
1786181318.700413000	5	{"terminated":{"containerID":"containerd://674f99069a2854502c89382e2657143b2b8813dac9c4df897ca252c29048006e","exitCode":1,"finishedAt":"2026-08-08T09:28:23Z","reason":"Error","startedAt":"2026-08-08T09:28:23Z"}}	2026-08-08T09:26:57Z	2026-08-08T09:26:57Z
1786181319.766540000	5	{"terminated":{"containerID":"containerd://674f99069a2854502c89382e2657143b2b8813dac9c4df897ca252c29048006e","exitCode":1,"finishedAt":"2026-08-08T09:28:23Z","reason":"Error","startedAt":"2026-08-08T09:28:23Z"}}	2026-08-08T09:26:57Z	2026-08-08T09:26:57Z
1786181320.831631000	5	{"terminated":{"containerID":"containerd://674f99069a2854502c89382e2657143b2b8813dac9c4df897ca252c29048006e","exitCode":1,"finishedAt":"2026-08-08T09:28:23Z","reason":"Error","startedAt":"2026-08-08T09:28:23Z"}}	2026-08-08T09:26:57Z	2026-08-08T09:26:57Z
1786181321.896281000	5	{"terminated":{"containerID":"containerd://674f99069a2854502c89382e2657143b2b8813dac9c4df897ca252c29048006e","exitCode":1,"finishedAt":"2026-08-08T09:28:23Z","reason":"Error","startedAt":"2026-08-08T09:28:23Z"}}	2026-08-08T09:26:57Z	2026-08-08T09:26:57Z
1786181322.960148000	5	{"terminated":{"containerID":"containerd://674f99069a2854502c89382e2657143b2b8813dac9c4df897ca252c29048006e","exitCode":1,"finishedAt":"2026-08-08T09:28:23Z","reason":"Error","startedAt":"2026-08-08T09:28:23Z"}}	2026-08-08T09:26:57Z	2026-08-08T09:26:57Z
1786181324.017588000	5	{"terminated":{"containerID":"containerd://674f99069a2854502c89382e2657143b2b8813dac9c4df897ca252c29048006e","exitCode":1,"finishedAt":"2026-08-08T09:28:23Z","reason":"Error","startedAt":"2026-08-08T09:28:23Z"}}	2026-08-08T09:26:57Z	2026-08-08T09:26:57Z
1786181325.078290000	5	{"terminated":{"containerID":"containerd://674f99069a2854502c89382e2657143b2b8813dac9c4df897ca252c29048006e","exitCode":1,"finishedAt":"2026-08-08T09:28:23Z","reason":"Error","startedAt":"2026-08-08T09:28:23Z"}}	2026-08-08T09:26:57Z	2026-08-08T09:26:57Z
1786181326.141340000	5	{"terminated":{"containerID":"containerd://674f99069a2854502c89382e2657143b2b8813dac9c4df897ca252c29048006e","exitCode":1,"finishedAt":"2026-08-08T09:28:23Z","reason":"Error","startedAt":"2026-08-08T09:28:23Z"}}	2026-08-08T09:26:57Z	2026-08-08T09:26:57Z
1786181327.198134000	5	{"terminated":{"containerID":"containerd://674f99069a2854502c89382e2657143b2b8813dac9c4df897ca252c29048006e","exitCode":1,"finishedAt":"2026-08-08T09:28:23Z","reason":"Error","startedAt":"2026-08-08T09:28:23Z"}}	2026-08-08T09:26:57Z	2026-08-08T09:26:57Z
1786181328.265231000	5	{"terminated":{"containerID":"containerd://674f99069a2854502c89382e2657143b2b8813dac9c4df897ca252c29048006e","exitCode":1,"finishedAt":"2026-08-08T09:28:23Z","reason":"Error","startedAt":"2026-08-08T09:28:23Z"}}	2026-08-08T09:26:57Z	2026-08-08T09:26:57Z
1786181329.328601000	5	{"terminated":{"containerID":"containerd://674f99069a2854502c89382e2657143b2b8813dac9c4df897ca252c29048006e","exitCode":1,"finishedAt":"2026-08-08T09:28:23Z","reason":"Error","startedAt":"2026-08-08T09:28:23Z"}}	2026-08-08T09:26:57Z	2026-08-08T09:26:57Z
1786181330.389195000	5	{"terminated":{"containerID":"containerd://674f99069a2854502c89382e2657143b2b8813dac9c4df897ca252c29048006e","exitCode":1,"finishedAt":"2026-08-08T09:28:23Z","reason":"Error","startedAt":"2026-08-08T09:28:23Z"}}	2026-08-08T09:26:57Z	2026-08-08T09:26:57Z
1786181331.452611000	5	{"terminated":{"containerID":"containerd://674f99069a2854502c89382e2657143b2b8813dac9c4df897ca252c29048006e","exitCode":1,"finishedAt":"2026-08-08T09:28:23Z","reason":"Error","startedAt":"2026-08-08T09:28:23Z"}}	2026-08-08T09:26:57Z	2026-08-08T09:26:57Z
1786181332.517411000	5	{"terminated":{"containerID":"containerd://674f99069a2854502c89382e2657143b2b8813dac9c4df897ca252c29048006e","exitCode":1,"finishedAt":"2026-08-08T09:28:23Z","reason":"Error","startedAt":"2026-08-08T09:28:23Z"}}	2026-08-08T09:26:57Z	2026-08-08T09:26:57Z
1786181333.580550000	5	{"terminated":{"containerID":"containerd://674f99069a2854502c89382e2657143b2b8813dac9c4df897ca252c29048006e","exitCode":1,"finishedAt":"2026-08-08T09:28:23Z","reason":"Error","startedAt":"2026-08-08T09:28:23Z"}}	2026-08-08T09:26:57Z	2026-08-08T09:26:57Z
1786181334.631700000	5	{"terminated":{"containerID":"containerd://674f99069a2854502c89382e2657143b2b8813dac9c4df897ca252c29048006e","exitCode":1,"finishedAt":"2026-08-08T09:28:23Z","reason":"Error","startedAt":"2026-08-08T09:28:23Z"}}	2026-08-08T09:26:57Z	2026-08-08T09:26:57Z
1786181335.690779000	5	{"terminated":{"containerID":"containerd://674f99069a2854502c89382e2657143b2b8813dac9c4df897ca252c29048006e","exitCode":1,"finishedAt":"2026-08-08T09:28:23Z","reason":"Error","startedAt":"2026-08-08T09:28:23Z"}}	2026-08-08T09:26:57Z	2026-08-08T09:26:57Z
1786181336.756254000	5	{"terminated":{"containerID":"containerd://674f99069a2854502c89382e2657143b2b8813dac9c4df897ca252c29048006e","exitCode":1,"finishedAt":"2026-08-08T09:28:23Z","reason":"Error","startedAt":"2026-08-08T09:28:23Z"}}	2026-08-08T09:26:57Z	2026-08-08T09:26:57Z
1786181337.823936000	5	{"terminated":{"containerID":"containerd://674f99069a2854502c89382e2657143b2b8813dac9c4df897ca252c29048006e","exitCode":1,"finishedAt":"2026-08-08T09:28:23Z","reason":"Error","startedAt":"2026-08-08T09:28:23Z"}}	2026-08-08T09:26:57Z	2026-08-08T09:26:57Z
1786181338.886750000	5	{"terminated":{"containerID":"containerd://674f99069a2854502c89382e2657143b2b8813dac9c4df897ca252c29048006e","exitCode":1,"finishedAt":"2026-08-08T09:28:23Z","reason":"Error","startedAt":"2026-08-08T09:28:23Z"}}	2026-08-08T09:26:57Z	2026-08-08T09:26:57Z
1786181339.951554000	5	{"terminated":{"containerID":"containerd://674f99069a2854502c89382e2657143b2b8813dac9c4df897ca252c29048006e","exitCode":1,"finishedAt":"2026-08-08T09:28:23Z","reason":"Error","startedAt":"2026-08-08T09:28:23Z"}}	2026-08-08T09:26:57Z	2026-08-08T09:26:57Z
1786181341.015238000	5	{"terminated":{"containerID":"containerd://674f99069a2854502c89382e2657143b2b8813dac9c4df897ca252c29048006e","exitCode":1,"finishedAt":"2026-08-08T09:28:23Z","reason":"Error","startedAt":"2026-08-08T09:28:23Z"}}	2026-08-08T09:26:57Z	2026-08-08T09:26:57Z
1786181342.077484000	5	{"terminated":{"containerID":"containerd://674f99069a2854502c89382e2657143b2b8813dac9c4df897ca252c29048006e","exitCode":1,"finishedAt":"2026-08-08T09:28:23Z","reason":"Error","startedAt":"2026-08-08T09:28:23Z"}}	2026-08-08T09:26:57Z	2026-08-08T09:26:57Z
1786181343.143221000	5	{"terminated":{"containerID":"containerd://674f99069a2854502c89382e2657143b2b8813dac9c4df897ca252c29048006e","exitCode":1,"finishedAt":"2026-08-08T09:28:23Z","reason":"Error","startedAt":"2026-08-08T09:28:23Z"}}	2026-08-08T09:26:57Z	2026-08-08T09:26:57Z
1786181344.209829000	5	{"terminated":{"containerID":"containerd://674f99069a2854502c89382e2657143b2b8813dac9c4df897ca252c29048006e","exitCode":1,"finishedAt":"2026-08-08T09:28:23Z","reason":"Error","startedAt":"2026-08-08T09:28:23Z"}}	2026-08-08T09:26:57Z	2026-08-08T09:26:57Z
1786181345.274591000	5	{"terminated":{"containerID":"containerd://674f99069a2854502c89382e2657143b2b8813dac9c4df897ca252c29048006e","exitCode":1,"finishedAt":"2026-08-08T09:28:23Z","reason":"Error","startedAt":"2026-08-08T09:28:23Z"}}	2026-08-08T09:26:57Z	2026-08-08T09:26:57Z
1786181346.337534000	5	{"terminated":{"containerID":"containerd://674f99069a2854502c89382e2657143b2b8813dac9c4df897ca252c29048006e","exitCode":1,"finishedAt":"2026-08-08T09:28:23Z","reason":"Error","startedAt":"2026-08-08T09:28:23Z"}}	2026-08-08T09:26:57Z	2026-08-08T09:26:57Z
1786181347.400445000	5	{"terminated":{"containerID":"containerd://674f99069a2854502c89382e2657143b2b8813dac9c4df897ca252c29048006e","exitCode":1,"finishedAt":"2026-08-08T09:28:23Z","reason":"Error","startedAt":"2026-08-08T09:28:23Z"}}	2026-08-08T09:26:57Z	2026-08-08T09:26:57Z
1786181348.463379000	5	{"terminated":{"containerID":"containerd://674f99069a2854502c89382e2657143b2b8813dac9c4df897ca252c29048006e","exitCode":1,"finishedAt":"2026-08-08T09:28:23Z","reason":"Error","startedAt":"2026-08-08T09:28:23Z"}}	2026-08-08T09:26:57Z	2026-08-08T09:26:57Z
1786181349.529632000	5	{"terminated":{"containerID":"containerd://674f99069a2854502c89382e2657143b2b8813dac9c4df897ca252c29048006e","exitCode":1,"finishedAt":"2026-08-08T09:28:23Z","reason":"Error","startedAt":"2026-08-08T09:28:23Z"}}	2026-08-08T09:26:57Z	2026-08-08T09:26:57Z
1786181350.593553000	5	{"terminated":{"containerID":"containerd://674f99069a2854502c89382e2657143b2b8813dac9c4df897ca252c29048006e","exitCode":1,"finishedAt":"2026-08-08T09:28:23Z","reason":"Error","startedAt":"2026-08-08T09:28:23Z"}}	2026-08-08T09:26:57Z	2026-08-08T09:26:57Z
1786181351.658731000	5	{"terminated":{"containerID":"containerd://674f99069a2854502c89382e2657143b2b8813dac9c4df897ca252c29048006e","exitCode":1,"finishedAt":"2026-08-08T09:28:23Z","reason":"Error","startedAt":"2026-08-08T09:28:23Z"}}	2026-08-08T09:26:57Z	2026-08-08T09:26:57Z
1786181352.724706000	5	{"terminated":{"containerID":"containerd://674f99069a2854502c89382e2657143b2b8813dac9c4df897ca252c29048006e","exitCode":1,"finishedAt":"2026-08-08T09:28:23Z","reason":"Error","startedAt":"2026-08-08T09:28:23Z"}}	2026-08-08T09:26:57Z	2026-08-08T09:26:57Z
1786181353.792191000	5	{"terminated":{"containerID":"containerd://674f99069a2854502c89382e2657143b2b8813dac9c4df897ca252c29048006e","exitCode":1,"finishedAt":"2026-08-08T09:28:23Z","reason":"Error","startedAt":"2026-08-08T09:28:23Z"}}	2026-08-08T09:26:57Z	2026-08-08T09:26:57Z
1786181354.858034000	5	{"terminated":{"containerID":"containerd://674f99069a2854502c89382e2657143b2b8813dac9c4df897ca252c29048006e","exitCode":1,"finishedAt":"2026-08-08T09:28:23Z","reason":"Error","startedAt":"2026-08-08T09:28:23Z"}}	2026-08-08T09:26:57Z	2026-08-08T09:26:57Z
1786181355.923013000	5	{"terminated":{"containerID":"containerd://674f99069a2854502c89382e2657143b2b8813dac9c4df897ca252c29048006e","exitCode":1,"finishedAt":"2026-08-08T09:28:23Z","reason":"Error","startedAt":"2026-08-08T09:28:23Z"}}	2026-08-08T09:26:57Z	2026-08-08T09:26:57Z
1786181356.988513000	5	{"terminated":{"containerID":"containerd://674f99069a2854502c89382e2657143b2b8813dac9c4df897ca252c29048006e","exitCode":1,"finishedAt":"2026-08-08T09:28:23Z","reason":"Error","startedAt":"2026-08-08T09:28:23Z"}}	2026-08-08T09:26:57Z	2026-08-08T09:26:57Z
1786181358.051820000	5	{"terminated":{"containerID":"containerd://674f99069a2854502c89382e2657143b2b8813dac9c4df897ca252c29048006e","exitCode":1,"finishedAt":"2026-08-08T09:28:23Z","reason":"Error","startedAt":"2026-08-08T09:28:23Z"}}	2026-08-08T09:26:57Z	2026-08-08T09:26:57Z
1786181359.107529000	5	{"terminated":{"containerID":"containerd://674f99069a2854502c89382e2657143b2b8813dac9c4df897ca252c29048006e","exitCode":1,"finishedAt":"2026-08-08T09:28:23Z","reason":"Error","startedAt":"2026-08-08T09:28:23Z"}}	2026-08-08T09:26:57Z	2026-08-08T09:26:57Z
1786181360.164131000	5	{"terminated":{"containerID":"containerd://674f99069a2854502c89382e2657143b2b8813dac9c4df897ca252c29048006e","exitCode":1,"finishedAt":"2026-08-08T09:28:23Z","reason":"Error","startedAt":"2026-08-08T09:28:23Z"}}	2026-08-08T09:26:57Z	2026-08-08T09:26:57Z
1786181361.231074000	5	{"terminated":{"containerID":"containerd://674f99069a2854502c89382e2657143b2b8813dac9c4df897ca252c29048006e","exitCode":1,"finishedAt":"2026-08-08T09:28:23Z","reason":"Error","startedAt":"2026-08-08T09:28:23Z"}}	2026-08-08T09:26:57Z	2026-08-08T09:26:57Z
1786181362.297527000	5	{"terminated":{"containerID":"containerd://674f99069a2854502c89382e2657143b2b8813dac9c4df897ca252c29048006e","exitCode":1,"finishedAt":"2026-08-08T09:28:23Z","reason":"Error","startedAt":"2026-08-08T09:28:23Z"}}	2026-08-08T09:26:57Z	2026-08-08T09:26:57Z
1786181363.364717000	5	{"terminated":{"containerID":"containerd://674f99069a2854502c89382e2657143b2b8813dac9c4df897ca252c29048006e","exitCode":1,"finishedAt":"2026-08-08T09:28:23Z","reason":"Error","startedAt":"2026-08-08T09:28:23Z"}}	2026-08-08T09:26:57Z	2026-08-08T09:26:57Z
1786181364.421013000	5	{"terminated":{"containerID":"containerd://674f99069a2854502c89382e2657143b2b8813dac9c4df897ca252c29048006e","exitCode":1,"finishedAt":"2026-08-08T09:28:23Z","reason":"Error","startedAt":"2026-08-08T09:28:23Z"}}	2026-08-08T09:26:57Z	2026-08-08T09:26:57Z
1786181365.468747000	5	{"terminated":{"containerID":"containerd://674f99069a2854502c89382e2657143b2b8813dac9c4df897ca252c29048006e","exitCode":1,"finishedAt":"2026-08-08T09:28:23Z","reason":"Error","startedAt":"2026-08-08T09:28:23Z"}}	2026-08-08T09:26:57Z	2026-08-08T09:26:57Z
1786181366.533127000	5	{"terminated":{"containerID":"containerd://674f99069a2854502c89382e2657143b2b8813dac9c4df897ca252c29048006e","exitCode":1,"finishedAt":"2026-08-08T09:28:23Z","reason":"Error","startedAt":"2026-08-08T09:28:23Z"}}	2026-08-08T09:26:57Z	2026-08-08T09:26:57Z
1786181367.597973000	5	{"terminated":{"containerID":"containerd://674f99069a2854502c89382e2657143b2b8813dac9c4df897ca252c29048006e","exitCode":1,"finishedAt":"2026-08-08T09:28:23Z","reason":"Error","startedAt":"2026-08-08T09:28:23Z"}}	2026-08-08T09:26:57Z	2026-08-08T09:26:57Z
1786181368.663644000	5	{"waiting":{"message":"back-off 2m40s restarting failed container=app pod=crash_default(f580c79c-b902-45cb-a3e3-acccd8e5d935)","reason":"CrashLoopBackOff"}}	2026-08-08T09:28:23Z	2026-08-08T09:28:23Z
1786181369.730635000	5	{"waiting":{"message":"back-off 2m40s restarting failed container=app pod=crash_default(f580c79c-b902-45cb-a3e3-acccd8e5d935)","reason":"CrashLoopBackOff"}}	2026-08-08T09:28:23Z	2026-08-08T09:28:23Z
1786181370.797268000	5	{"waiting":{"message":"back-off 2m40s restarting failed container=app pod=crash_default(f580c79c-b902-45cb-a3e3-acccd8e5d935)","reason":"CrashLoopBackOff"}}	2026-08-08T09:28:23Z	2026-08-08T09:28:23Z
1786181371.863673000	5	{"waiting":{"message":"back-off 2m40s restarting failed container=app pod=crash_default(f580c79c-b902-45cb-a3e3-acccd8e5d935)","reason":"CrashLoopBackOff"}}	2026-08-08T09:28:23Z	2026-08-08T09:28:23Z
1786181372.922144000	5	{"waiting":{"message":"back-off 2m40s restarting failed container=app pod=crash_default(f580c79c-b902-45cb-a3e3-acccd8e5d935)","reason":"CrashLoopBackOff"}}	2026-08-08T09:28:23Z	2026-08-08T09:28:23Z
1786181373.961486000	5	{"waiting":{"message":"back-off 2m40s restarting failed container=app pod=crash_default(f580c79c-b902-45cb-a3e3-acccd8e5d935)","reason":"CrashLoopBackOff"}}	2026-08-08T09:28:23Z	2026-08-08T09:28:23Z
1786181375.019746000	5	{"waiting":{"message":"back-off 2m40s restarting failed container=app pod=crash_default(f580c79c-b902-45cb-a3e3-acccd8e5d935)","reason":"CrashLoopBackOff"}}	2026-08-08T09:28:23Z	2026-08-08T09:28:23Z
1786181376.057847000	5	{"waiting":{"message":"back-off 2m40s restarting failed container=app pod=crash_default(f580c79c-b902-45cb-a3e3-acccd8e5d935)","reason":"CrashLoopBackOff"}}	2026-08-08T09:28:23Z	2026-08-08T09:28:23Z
1786181377.107707000	5	{"waiting":{"message":"back-off 2m40s restarting failed container=app pod=crash_default(f580c79c-b902-45cb-a3e3-acccd8e5d935)","reason":"CrashLoopBackOff"}}	2026-08-08T09:28:23Z	2026-08-08T09:28:23Z
1786181378.156946000	5	{"waiting":{"message":"back-off 2m40s restarting failed container=app pod=crash_default(f580c79c-b902-45cb-a3e3-acccd8e5d935)","reason":"CrashLoopBackOff"}}	2026-08-08T09:28:23Z	2026-08-08T09:28:23Z
1786181379.201544000	5	{"waiting":{"message":"back-off 2m40s restarting failed container=app pod=crash_default(f580c79c-b902-45cb-a3e3-acccd8e5d935)","reason":"CrashLoopBackOff"}}	2026-08-08T09:28:23Z	2026-08-08T09:28:23Z
1786181380.245342000	5	{"waiting":{"message":"back-off 2m40s restarting failed container=app pod=crash_default(f580c79c-b902-45cb-a3e3-acccd8e5d935)","reason":"CrashLoopBackOff"}}	2026-08-08T09:28:23Z	2026-08-08T09:28:23Z
1786181381.289716000	5	{"waiting":{"message":"back-off 2m40s restarting failed container=app pod=crash_default(f580c79c-b902-45cb-a3e3-acccd8e5d935)","reason":"CrashLoopBackOff"}}	2026-08-08T09:28:23Z	2026-08-08T09:28:23Z
1786181382.331926000	5	{"waiting":{"message":"back-off 2m40s restarting failed container=app pod=crash_default(f580c79c-b902-45cb-a3e3-acccd8e5d935)","reason":"CrashLoopBackOff"}}	2026-08-08T09:28:23Z	2026-08-08T09:28:23Z
1786181383.370577000	5	{"waiting":{"message":"back-off 2m40s restarting failed container=app pod=crash_default(f580c79c-b902-45cb-a3e3-acccd8e5d935)","reason":"CrashLoopBackOff"}}	2026-08-08T09:28:23Z	2026-08-08T09:28:23Z
1786181384.420605000	5	{"waiting":{"message":"back-off 2m40s restarting failed container=app pod=crash_default(f580c79c-b902-45cb-a3e3-acccd8e5d935)","reason":"CrashLoopBackOff"}}	2026-08-08T09:28:23Z	2026-08-08T09:28:23Z
1786181385.451919000	5	{"waiting":{"message":"back-off 2m40s restarting failed container=app pod=crash_default(f580c79c-b902-45cb-a3e3-acccd8e5d935)","reason":"CrashLoopBackOff"}}	2026-08-08T09:28:23Z	2026-08-08T09:28:23Z
1786181386.492141000	5	{"waiting":{"message":"back-off 2m40s restarting failed container=app pod=crash_default(f580c79c-b902-45cb-a3e3-acccd8e5d935)","reason":"CrashLoopBackOff"}}	2026-08-08T09:28:23Z	2026-08-08T09:28:23Z
1786181387.533814000	5	{"waiting":{"message":"back-off 2m40s restarting failed container=app pod=crash_default(f580c79c-b902-45cb-a3e3-acccd8e5d935)","reason":"CrashLoopBackOff"}}	2026-08-08T09:28:23Z	2026-08-08T09:28:23Z
1786181388.573073000	5	{"waiting":{"message":"back-off 2m40s restarting failed container=app pod=crash_default(f580c79c-b902-45cb-a3e3-acccd8e5d935)","reason":"CrashLoopBackOff"}}	2026-08-08T09:28:23Z	2026-08-08T09:28:23Z
1786181389.612291000	5	{"waiting":{"message":"back-off 2m40s restarting failed container=app pod=crash_default(f580c79c-b902-45cb-a3e3-acccd8e5d935)","reason":"CrashLoopBackOff"}}	2026-08-08T09:28:23Z	2026-08-08T09:28:23Z
1786181390.657703000	5	{"waiting":{"message":"back-off 2m40s restarting failed container=app pod=crash_default(f580c79c-b902-45cb-a3e3-acccd8e5d935)","reason":"CrashLoopBackOff"}}	2026-08-08T09:28:23Z	2026-08-08T09:28:23Z
1786181391.701873000	5	{"waiting":{"message":"back-off 2m40s restarting failed container=app pod=crash_default(f580c79c-b902-45cb-a3e3-acccd8e5d935)","reason":"CrashLoopBackOff"}}	2026-08-08T09:28:23Z	2026-08-08T09:28:23Z
1786181392.739655000	5	{"waiting":{"message":"back-off 2m40s restarting failed container=app pod=crash_default(f580c79c-b902-45cb-a3e3-acccd8e5d935)","reason":"CrashLoopBackOff"}}	2026-08-08T09:28:23Z	2026-08-08T09:28:23Z
1786181393.790925000	5	{"waiting":{"message":"back-off 2m40s restarting failed container=app pod=crash_default(f580c79c-b902-45cb-a3e3-acccd8e5d935)","reason":"CrashLoopBackOff"}}	2026-08-08T09:28:23Z	2026-08-08T09:28:23Z
1786181394.845897000	5	{"waiting":{"message":"back-off 2m40s restarting failed container=app pod=crash_default(f580c79c-b902-45cb-a3e3-acccd8e5d935)","reason":"CrashLoopBackOff"}}	2026-08-08T09:28:23Z	2026-08-08T09:28:23Z
1786181395.898040000	5	{"waiting":{"message":"back-off 2m40s restarting failed container=app pod=crash_default(f580c79c-b902-45cb-a3e3-acccd8e5d935)","reason":"CrashLoopBackOff"}}	2026-08-08T09:28:23Z	2026-08-08T09:28:23Z
1786181396.940575000	5	{"waiting":{"message":"back-off 2m40s restarting failed container=app pod=crash_default(f580c79c-b902-45cb-a3e3-acccd8e5d935)","reason":"CrashLoopBackOff"}}	2026-08-08T09:28:23Z	2026-08-08T09:28:23Z
1786181397.993711000	5	{"waiting":{"message":"back-off 2m40s restarting failed container=app pod=crash_default(f580c79c-b902-45cb-a3e3-acccd8e5d935)","reason":"CrashLoopBackOff"}}	2026-08-08T09:28:23Z	2026-08-08T09:28:23Z
1786181399.040568000	5	{"waiting":{"message":"back-off 2m40s restarting failed container=app pod=crash_default(f580c79c-b902-45cb-a3e3-acccd8e5d935)","reason":"CrashLoopBackOff"}}	2026-08-08T09:28:23Z	2026-08-08T09:28:23Z
1786181400.083017000	5	{"waiting":{"message":"back-off 2m40s restarting failed container=app pod=crash_default(f580c79c-b902-45cb-a3e3-acccd8e5d935)","reason":"CrashLoopBackOff"}}	2026-08-08T09:28:23Z	2026-08-08T09:28:23Z
1786181401.125053000	5	{"waiting":{"message":"back-off 2m40s restarting failed container=app pod=crash_default(f580c79c-b902-45cb-a3e3-acccd8e5d935)","reason":"CrashLoopBackOff"}}	2026-08-08T09:28:23Z	2026-08-08T09:28:23Z
1786181402.165983000	5	{"waiting":{"message":"back-off 2m40s restarting failed container=app pod=crash_default(f580c79c-b902-45cb-a3e3-acccd8e5d935)","reason":"CrashLoopBackOff"}}	2026-08-08T09:28:23Z	2026-08-08T09:28:23Z
1786181403.204179000	5	{"waiting":{"message":"back-off 2m40s restarting failed container=app pod=crash_default(f580c79c-b902-45cb-a3e3-acccd8e5d935)","reason":"CrashLoopBackOff"}}	2026-08-08T09:28:23Z	2026-08-08T09:28:23Z
1786181404.244175000	5	{"waiting":{"message":"back-off 2m40s restarting failed container=app pod=crash_default(f580c79c-b902-45cb-a3e3-acccd8e5d935)","reason":"CrashLoopBackOff"}}	2026-08-08T09:28:23Z	2026-08-08T09:28:23Z
1786181405.288658000	5	{"waiting":{"message":"back-off 2m40s restarting failed container=app pod=crash_default(f580c79c-b902-45cb-a3e3-acccd8e5d935)","reason":"CrashLoopBackOff"}}	2026-08-08T09:28:23Z	2026-08-08T09:28:23Z
1786181406.330554000	5	{"waiting":{"message":"back-off 2m40s restarting failed container=app pod=crash_default(f580c79c-b902-45cb-a3e3-acccd8e5d935)","reason":"CrashLoopBackOff"}}	2026-08-08T09:28:23Z	2026-08-08T09:28:23Z
1786181407.381896000	5	{"waiting":{"message":"back-off 2m40s restarting failed container=app pod=crash_default(f580c79c-b902-45cb-a3e3-acccd8e5d935)","reason":"CrashLoopBackOff"}}	2026-08-08T09:28:23Z	2026-08-08T09:28:23Z
1786181408.424981000	5	{"waiting":{"message":"back-off 2m40s restarting failed container=app pod=crash_default(f580c79c-b902-45cb-a3e3-acccd8e5d935)","reason":"CrashLoopBackOff"}}	2026-08-08T09:28:23Z	2026-08-08T09:28:23Z
1786181409.472982000	5	{"waiting":{"message":"back-off 2m40s restarting failed container=app pod=crash_default(f580c79c-b902-45cb-a3e3-acccd8e5d935)","reason":"CrashLoopBackOff"}}	2026-08-08T09:28:23Z	2026-08-08T09:28:23Z
1786181410.513242000	5	{"waiting":{"message":"back-off 2m40s restarting failed container=app pod=crash_default(f580c79c-b902-45cb-a3e3-acccd8e5d935)","reason":"CrashLoopBackOff"}}	2026-08-08T09:28:23Z	2026-08-08T09:28:23Z
1786181411.551781000	5	{"waiting":{"message":"back-off 2m40s restarting failed container=app pod=crash_default(f580c79c-b902-45cb-a3e3-acccd8e5d935)","reason":"CrashLoopBackOff"}}	2026-08-08T09:28:23Z	2026-08-08T09:28:23Z
1786181412.597862000	5	{"waiting":{"message":"back-off 2m40s restarting failed container=app pod=crash_default(f580c79c-b902-45cb-a3e3-acccd8e5d935)","reason":"CrashLoopBackOff"}}	2026-08-08T09:28:23Z	2026-08-08T09:28:23Z
1786181413.645355000	5	{"waiting":{"message":"back-off 2m40s restarting failed container=app pod=crash_default(f580c79c-b902-45cb-a3e3-acccd8e5d935)","reason":"CrashLoopBackOff"}}	2026-08-08T09:28:23Z	2026-08-08T09:28:23Z
1786181414.678230000	5	{"waiting":{"message":"back-off 2m40s restarting failed container=app pod=crash_default(f580c79c-b902-45cb-a3e3-acccd8e5d935)","reason":"CrashLoopBackOff"}}	2026-08-08T09:28:23Z	2026-08-08T09:28:23Z
1786181415.717298000	5	{"waiting":{"message":"back-off 2m40s restarting failed container=app pod=crash_default(f580c79c-b902-45cb-a3e3-acccd8e5d935)","reason":"CrashLoopBackOff"}}	2026-08-08T09:28:23Z	2026-08-08T09:28:23Z
1786181416.756181000	5	{"waiting":{"message":"back-off 2m40s restarting failed container=app pod=crash_default(f580c79c-b902-45cb-a3e3-acccd8e5d935)","reason":"CrashLoopBackOff"}}	2026-08-08T09:28:23Z	2026-08-08T09:28:23Z
1786181417.801597000	5	{"waiting":{"message":"back-off 2m40s restarting failed container=app pod=crash_default(f580c79c-b902-45cb-a3e3-acccd8e5d935)","reason":"CrashLoopBackOff"}}	2026-08-08T09:28:23Z	2026-08-08T09:28:23Z
1786181418.854886000	5	{"waiting":{"message":"back-off 2m40s restarting failed container=app pod=crash_default(f580c79c-b902-45cb-a3e3-acccd8e5d935)","reason":"CrashLoopBackOff"}}	2026-08-08T09:28:23Z	2026-08-08T09:28:23Z
1786181419.917157000	5	{"waiting":{"message":"back-off 2m40s restarting failed container=app pod=crash_default(f580c79c-b902-45cb-a3e3-acccd8e5d935)","reason":"CrashLoopBackOff"}}	2026-08-08T09:28:23Z	2026-08-08T09:28:23Z
1786181420.978935000	5	{"waiting":{"message":"back-off 2m40s restarting failed container=app pod=crash_default(f580c79c-b902-45cb-a3e3-acccd8e5d935)","reason":"CrashLoopBackOff"}}	2026-08-08T09:28:23Z	2026-08-08T09:28:23Z
1786181422.025632000	5	{"waiting":{"message":"back-off 2m40s restarting failed container=app pod=crash_default(f580c79c-b902-45cb-a3e3-acccd8e5d935)","reason":"CrashLoopBackOff"}}	2026-08-08T09:28:23Z	2026-08-08T09:28:23Z
1786181423.068195000	5	{"waiting":{"message":"back-off 2m40s restarting failed container=app pod=crash_default(f580c79c-b902-45cb-a3e3-acccd8e5d935)","reason":"CrashLoopBackOff"}}	2026-08-08T09:28:23Z	2026-08-08T09:28:23Z
1786181424.115083000	5	{"waiting":{"message":"back-off 2m40s restarting failed container=app pod=crash_default(f580c79c-b902-45cb-a3e3-acccd8e5d935)","reason":"CrashLoopBackOff"}}	2026-08-08T09:28:23Z	2026-08-08T09:28:23Z
1786181425.153671000	5	{"waiting":{"message":"back-off 2m40s restarting failed container=app pod=crash_default(f580c79c-b902-45cb-a3e3-acccd8e5d935)","reason":"CrashLoopBackOff"}}	2026-08-08T09:28:23Z	2026-08-08T09:28:23Z
1786181426.196246000	5	{"waiting":{"message":"back-off 2m40s restarting failed container=app pod=crash_default(f580c79c-b902-45cb-a3e3-acccd8e5d935)","reason":"CrashLoopBackOff"}}	2026-08-08T09:28:23Z	2026-08-08T09:28:23Z
1786181427.238346000	5	{"waiting":{"message":"back-off 2m40s restarting failed container=app pod=crash_default(f580c79c-b902-45cb-a3e3-acccd8e5d935)","reason":"CrashLoopBackOff"}}	2026-08-08T09:28:23Z	2026-08-08T09:28:23Z
1786181428.290896000	5	{"waiting":{"message":"back-off 2m40s restarting failed container=app pod=crash_default(f580c79c-b902-45cb-a3e3-acccd8e5d935)","reason":"CrashLoopBackOff"}}	2026-08-08T09:28:23Z	2026-08-08T09:28:23Z
1786181429.341578000	5	{"waiting":{"message":"back-off 2m40s restarting failed container=app pod=crash_default(f580c79c-b902-45cb-a3e3-acccd8e5d935)","reason":"CrashLoopBackOff"}}	2026-08-08T09:28:23Z	2026-08-08T09:28:23Z
1786181430.381734000	5	{"waiting":{"message":"back-off 2m40s restarting failed container=app pod=crash_default(f580c79c-b902-45cb-a3e3-acccd8e5d935)","reason":"CrashLoopBackOff"}}	2026-08-08T09:28:23Z	2026-08-08T09:28:23Z
1786181431.419598000	5	{"waiting":{"message":"back-off 2m40s restarting failed container=app pod=crash_default(f580c79c-b902-45cb-a3e3-acccd8e5d935)","reason":"CrashLoopBackOff"}}	2026-08-08T09:28:23Z	2026-08-08T09:28:23Z
1786181432.461841000	5	{"waiting":{"message":"back-off 2m40s restarting failed container=app pod=crash_default(f580c79c-b902-45cb-a3e3-acccd8e5d935)","reason":"CrashLoopBackOff"}}	2026-08-08T09:28:23Z	2026-08-08T09:28:23Z
1786181433.505660000	5	{"waiting":{"message":"back-off 2m40s restarting failed container=app pod=crash_default(f580c79c-b902-45cb-a3e3-acccd8e5d935)","reason":"CrashLoopBackOff"}}	2026-08-08T09:28:23Z	2026-08-08T09:28:23Z
1786181434.548413000	5	{"waiting":{"message":"back-off 2m40s restarting failed container=app pod=crash_default(f580c79c-b902-45cb-a3e3-acccd8e5d935)","reason":"CrashLoopBackOff"}}	2026-08-08T09:28:23Z	2026-08-08T09:28:23Z
1786181435.591708000	5	{"waiting":{"message":"back-off 2m40s restarting failed container=app pod=crash_default(f580c79c-b902-45cb-a3e3-acccd8e5d935)","reason":"CrashLoopBackOff"}}	2026-08-08T09:28:23Z	2026-08-08T09:28:23Z
1786181436.639764000	5	{"waiting":{"message":"back-off 2m40s restarting failed container=app pod=crash_default(f580c79c-b902-45cb-a3e3-acccd8e5d935)","reason":"CrashLoopBackOff"}}	2026-08-08T09:28:23Z	2026-08-08T09:28:23Z
1786181437.684206000	5	{"waiting":{"message":"back-off 2m40s restarting failed container=app pod=crash_default(f580c79c-b902-45cb-a3e3-acccd8e5d935)","reason":"CrashLoopBackOff"}}	2026-08-08T09:28:23Z	2026-08-08T09:28:23Z
1786181438.735155000	5	{"waiting":{"message":"back-off 2m40s restarting failed container=app pod=crash_default(f580c79c-b902-45cb-a3e3-acccd8e5d935)","reason":"CrashLoopBackOff"}}	2026-08-08T09:28:23Z	2026-08-08T09:28:23Z
1786181439.790566000	5	{"waiting":{"message":"back-off 2m40s restarting failed container=app pod=crash_default(f580c79c-b902-45cb-a3e3-acccd8e5d935)","reason":"CrashLoopBackOff"}}	2026-08-08T09:28:23Z	2026-08-08T09:28:23Z
1786181440.841090000	5	{"waiting":{"message":"back-off 2m40s restarting failed container=app pod=crash_default(f580c79c-b902-45cb-a3e3-acccd8e5d935)","reason":"CrashLoopBackOff"}}	2026-08-08T09:28:23Z	2026-08-08T09:28:23Z
1786181441.898771000	5	{"waiting":{"message":"back-off 2m40s restarting failed container=app pod=crash_default(f580c79c-b902-45cb-a3e3-acccd8e5d935)","reason":"CrashLoopBackOff"}}	2026-08-08T09:28:23Z	2026-08-08T09:28:23Z
1786181442.955066000	5	{"waiting":{"message":"back-off 2m40s restarting failed container=app pod=crash_default(f580c79c-b902-45cb-a3e3-acccd8e5d935)","reason":"CrashLoopBackOff"}}	2026-08-08T09:28:23Z	2026-08-08T09:28:23Z
1786181444.004986000	5	{"waiting":{"message":"back-off 2m40s restarting failed container=app pod=crash_default(f580c79c-b902-45cb-a3e3-acccd8e5d935)","reason":"CrashLoopBackOff"}}	2026-08-08T09:28:23Z	2026-08-08T09:28:23Z
1786181445.056500000	5	{"waiting":{"message":"back-off 2m40s restarting failed container=app pod=crash_default(f580c79c-b902-45cb-a3e3-acccd8e5d935)","reason":"CrashLoopBackOff"}}	2026-08-08T09:28:23Z	2026-08-08T09:28:23Z
1786181446.102972000	5	{"waiting":{"message":"back-off 2m40s restarting failed container=app pod=crash_default(f580c79c-b902-45cb-a3e3-acccd8e5d935)","reason":"CrashLoopBackOff"}}	2026-08-08T09:28:23Z	2026-08-08T09:28:23Z
1786181447.143698000	5	{"waiting":{"message":"back-off 2m40s restarting failed container=app pod=crash_default(f580c79c-b902-45cb-a3e3-acccd8e5d935)","reason":"CrashLoopBackOff"}}	2026-08-08T09:28:23Z	2026-08-08T09:28:23Z
1786181448.189636000	5	{"waiting":{"message":"back-off 2m40s restarting failed container=app pod=crash_default(f580c79c-b902-45cb-a3e3-acccd8e5d935)","reason":"CrashLoopBackOff"}}	2026-08-08T09:28:23Z	2026-08-08T09:28:23Z
1786181449.238257000	5	{"waiting":{"message":"back-off 2m40s restarting failed container=app pod=crash_default(f580c79c-b902-45cb-a3e3-acccd8e5d935)","reason":"CrashLoopBackOff"}}	2026-08-08T09:28:23Z	2026-08-08T09:28:23Z
1786181450.279288000	5	{"waiting":{"message":"back-off 2m40s restarting failed container=app pod=crash_default(f580c79c-b902-45cb-a3e3-acccd8e5d935)","reason":"CrashLoopBackOff"}}	2026-08-08T09:28:23Z	2026-08-08T09:28:23Z
1786181451.318278000	5	{"waiting":{"message":"back-off 2m40s restarting failed container=app pod=crash_default(f580c79c-b902-45cb-a3e3-acccd8e5d935)","reason":"CrashLoopBackOff"}}	2026-08-08T09:28:23Z	2026-08-08T09:28:23Z
1786181452.358210000	5	{"waiting":{"message":"back-off 2m40s restarting failed container=app pod=crash_default(f580c79c-b902-45cb-a3e3-acccd8e5d935)","reason":"CrashLoopBackOff"}}	2026-08-08T09:28:23Z	2026-08-08T09:28:23Z
1786181453.402924000	5	{"waiting":{"message":"back-off 2m40s restarting failed container=app pod=crash_default(f580c79c-b902-45cb-a3e3-acccd8e5d935)","reason":"CrashLoopBackOff"}}	2026-08-08T09:28:23Z	2026-08-08T09:28:23Z
1786181454.442611000	5	{"waiting":{"message":"back-off 2m40s restarting failed container=app pod=crash_default(f580c79c-b902-45cb-a3e3-acccd8e5d935)","reason":"CrashLoopBackOff"}}	2026-08-08T09:28:23Z	2026-08-08T09:28:23Z
1786181455.484582000	5	{"waiting":{"message":"back-off 2m40s restarting failed container=app pod=crash_default(f580c79c-b902-45cb-a3e3-acccd8e5d935)","reason":"CrashLoopBackOff"}}	2026-08-08T09:28:23Z	2026-08-08T09:28:23Z
1786181456.529123000	5	{"waiting":{"message":"back-off 2m40s restarting failed container=app pod=crash_default(f580c79c-b902-45cb-a3e3-acccd8e5d935)","reason":"CrashLoopBackOff"}}	2026-08-08T09:28:23Z	2026-08-08T09:28:23Z
1786181457.572318000	5	{"waiting":{"message":"back-off 2m40s restarting failed container=app pod=crash_default(f580c79c-b902-45cb-a3e3-acccd8e5d935)","reason":"CrashLoopBackOff"}}	2026-08-08T09:28:23Z	2026-08-08T09:28:23Z
1786181458.623389000	5	{"waiting":{"message":"back-off 2m40s restarting failed container=app pod=crash_default(f580c79c-b902-45cb-a3e3-acccd8e5d935)","reason":"CrashLoopBackOff"}}	2026-08-08T09:28:23Z	2026-08-08T09:28:23Z
1786181459.663457000	5	{"waiting":{"message":"back-off 2m40s restarting failed container=app pod=crash_default(f580c79c-b902-45cb-a3e3-acccd8e5d935)","reason":"CrashLoopBackOff"}}	2026-08-08T09:28:23Z	2026-08-08T09:28:23Z
1786181460.707279000	5	{"waiting":{"message":"back-off 2m40s restarting failed container=app pod=crash_default(f580c79c-b902-45cb-a3e3-acccd8e5d935)","reason":"CrashLoopBackOff"}}	2026-08-08T09:28:23Z	2026-08-08T09:28:23Z
1786181461.752366000	5	{"waiting":{"message":"back-off 2m40s restarting failed container=app pod=crash_default(f580c79c-b902-45cb-a3e3-acccd8e5d935)","reason":"CrashLoopBackOff"}}	2026-08-08T09:28:23Z	2026-08-08T09:28:23Z
1786181462.808218000	5	{"waiting":{"message":"back-off 2m40s restarting failed container=app pod=crash_default(f580c79c-b902-45cb-a3e3-acccd8e5d935)","reason":"CrashLoopBackOff"}}	2026-08-08T09:28:23Z	2026-08-08T09:28:23Z
1786181463.853082000	5	{"waiting":{"message":"back-off 2m40s restarting failed container=app pod=crash_default(f580c79c-b902-45cb-a3e3-acccd8e5d935)","reason":"CrashLoopBackOff"}}	2026-08-08T09:28:23Z	2026-08-08T09:28:23Z
1786181464.904972000	5	{"waiting":{"message":"back-off 2m40s restarting failed container=app pod=crash_default(f580c79c-b902-45cb-a3e3-acccd8e5d935)","reason":"CrashLoopBackOff"}}	2026-08-08T09:28:23Z	2026-08-08T09:28:23Z
1786181465.948147000	5	{"waiting":{"message":"back-off 2m40s restarting failed container=app pod=crash_default(f580c79c-b902-45cb-a3e3-acccd8e5d935)","reason":"CrashLoopBackOff"}}	2026-08-08T09:28:23Z	2026-08-08T09:28:23Z
1786181467.000613000	5	{"waiting":{"message":"back-off 2m40s restarting failed container=app pod=crash_default(f580c79c-b902-45cb-a3e3-acccd8e5d935)","reason":"CrashLoopBackOff"}}	2026-08-08T09:28:23Z	2026-08-08T09:28:23Z
1786181468.057677000	5	{"waiting":{"message":"back-off 2m40s restarting failed container=app pod=crash_default(f580c79c-b902-45cb-a3e3-acccd8e5d935)","reason":"CrashLoopBackOff"}}	2026-08-08T09:28:23Z	2026-08-08T09:28:23Z
1786181469.104900000	6	{"terminated":{"containerID":"containerd://97c816403511b996f42d123b61871edeef412d6b3b5f2ed9c012566665db3253","exitCode":1,"finishedAt":"2026-08-08T09:31:08Z","reason":"Error","startedAt":"2026-08-08T09:31:08Z"}}	2026-08-08T09:28:23Z	2026-08-08T09:28:23Z
1786181470.147925000	6	{"terminated":{"containerID":"containerd://97c816403511b996f42d123b61871edeef412d6b3b5f2ed9c012566665db3253","exitCode":1,"finishedAt":"2026-08-08T09:31:08Z","reason":"Error","startedAt":"2026-08-08T09:31:08Z"}}	2026-08-08T09:28:23Z	2026-08-08T09:28:23Z
1786181471.191750000	6	{"terminated":{"containerID":"containerd://97c816403511b996f42d123b61871edeef412d6b3b5f2ed9c012566665db3253","exitCode":1,"finishedAt":"2026-08-08T09:31:08Z","reason":"Error","startedAt":"2026-08-08T09:31:08Z"}}	2026-08-08T09:28:23Z	2026-08-08T09:28:23Z
1786181472.239542000	6	{"terminated":{"containerID":"containerd://97c816403511b996f42d123b61871edeef412d6b3b5f2ed9c012566665db3253","exitCode":1,"finishedAt":"2026-08-08T09:31:08Z","reason":"Error","startedAt":"2026-08-08T09:31:08Z"}}	2026-08-08T09:28:23Z	2026-08-08T09:28:23Z
1786181473.290398000	6	{"terminated":{"containerID":"containerd://97c816403511b996f42d123b61871edeef412d6b3b5f2ed9c012566665db3253","exitCode":1,"finishedAt":"2026-08-08T09:31:08Z","reason":"Error","startedAt":"2026-08-08T09:31:08Z"}}	2026-08-08T09:28:23Z	2026-08-08T09:28:23Z
1786181474.334186000	6	{"terminated":{"containerID":"containerd://97c816403511b996f42d123b61871edeef412d6b3b5f2ed9c012566665db3253","exitCode":1,"finishedAt":"2026-08-08T09:31:08Z","reason":"Error","startedAt":"2026-08-08T09:31:08Z"}}	2026-08-08T09:28:23Z	2026-08-08T09:28:23Z
1786181475.373988000	6	{"terminated":{"containerID":"containerd://97c816403511b996f42d123b61871edeef412d6b3b5f2ed9c012566665db3253","exitCode":1,"finishedAt":"2026-08-08T09:31:08Z","reason":"Error","startedAt":"2026-08-08T09:31:08Z"}}	2026-08-08T09:28:23Z	2026-08-08T09:28:23Z
1786181476.424085000	6	{"terminated":{"containerID":"containerd://97c816403511b996f42d123b61871edeef412d6b3b5f2ed9c012566665db3253","exitCode":1,"finishedAt":"2026-08-08T09:31:08Z","reason":"Error","startedAt":"2026-08-08T09:31:08Z"}}	2026-08-08T09:28:23Z	2026-08-08T09:28:23Z
1786181477.463099000	6	{"terminated":{"containerID":"containerd://97c816403511b996f42d123b61871edeef412d6b3b5f2ed9c012566665db3253","exitCode":1,"finishedAt":"2026-08-08T09:31:08Z","reason":"Error","startedAt":"2026-08-08T09:31:08Z"}}	2026-08-08T09:28:23Z	2026-08-08T09:28:23Z
1786181478.504845000	6	{"terminated":{"containerID":"containerd://97c816403511b996f42d123b61871edeef412d6b3b5f2ed9c012566665db3253","exitCode":1,"finishedAt":"2026-08-08T09:31:08Z","reason":"Error","startedAt":"2026-08-08T09:31:08Z"}}	2026-08-08T09:28:23Z	2026-08-08T09:28:23Z
1786181479.544228000	6	{"terminated":{"containerID":"containerd://97c816403511b996f42d123b61871edeef412d6b3b5f2ed9c012566665db3253","exitCode":1,"finishedAt":"2026-08-08T09:31:08Z","reason":"Error","startedAt":"2026-08-08T09:31:08Z"}}	2026-08-08T09:28:23Z	2026-08-08T09:28:23Z
1786181480.599705000	6	{"terminated":{"containerID":"containerd://97c816403511b996f42d123b61871edeef412d6b3b5f2ed9c012566665db3253","exitCode":1,"finishedAt":"2026-08-08T09:31:08Z","reason":"Error","startedAt":"2026-08-08T09:31:08Z"}}	2026-08-08T09:28:23Z	2026-08-08T09:28:23Z
1786181481.647529000	6	{"terminated":{"containerID":"containerd://97c816403511b996f42d123b61871edeef412d6b3b5f2ed9c012566665db3253","exitCode":1,"finishedAt":"2026-08-08T09:31:08Z","reason":"Error","startedAt":"2026-08-08T09:31:08Z"}}	2026-08-08T09:28:23Z	2026-08-08T09:28:23Z
1786181482.700212000	6	{"terminated":{"containerID":"containerd://97c816403511b996f42d123b61871edeef412d6b3b5f2ed9c012566665db3253","exitCode":1,"finishedAt":"2026-08-08T09:31:08Z","reason":"Error","startedAt":"2026-08-08T09:31:08Z"}}	2026-08-08T09:28:23Z	2026-08-08T09:28:23Z
1786181483.749236000	6	{"terminated":{"containerID":"containerd://97c816403511b996f42d123b61871edeef412d6b3b5f2ed9c012566665db3253","exitCode":1,"finishedAt":"2026-08-08T09:31:08Z","reason":"Error","startedAt":"2026-08-08T09:31:08Z"}}	2026-08-08T09:28:23Z	2026-08-08T09:28:23Z
1786181484.794451000	6	{"terminated":{"containerID":"containerd://97c816403511b996f42d123b61871edeef412d6b3b5f2ed9c012566665db3253","exitCode":1,"finishedAt":"2026-08-08T09:31:08Z","reason":"Error","startedAt":"2026-08-08T09:31:08Z"}}	2026-08-08T09:28:23Z	2026-08-08T09:28:23Z
1786181485.848061000	6	{"terminated":{"containerID":"containerd://97c816403511b996f42d123b61871edeef412d6b3b5f2ed9c012566665db3253","exitCode":1,"finishedAt":"2026-08-08T09:31:08Z","reason":"Error","startedAt":"2026-08-08T09:31:08Z"}}	2026-08-08T09:28:23Z	2026-08-08T09:28:23Z
1786181486.905566000	6	{"terminated":{"containerID":"containerd://97c816403511b996f42d123b61871edeef412d6b3b5f2ed9c012566665db3253","exitCode":1,"finishedAt":"2026-08-08T09:31:08Z","reason":"Error","startedAt":"2026-08-08T09:31:08Z"}}	2026-08-08T09:28:23Z	2026-08-08T09:28:23Z
1786181487.959628000	6	{"terminated":{"containerID":"containerd://97c816403511b996f42d123b61871edeef412d6b3b5f2ed9c012566665db3253","exitCode":1,"finishedAt":"2026-08-08T09:31:08Z","reason":"Error","startedAt":"2026-08-08T09:31:08Z"}}	2026-08-08T09:28:23Z	2026-08-08T09:28:23Z
1786181489.019257000	6	{"terminated":{"containerID":"containerd://97c816403511b996f42d123b61871edeef412d6b3b5f2ed9c012566665db3253","exitCode":1,"finishedAt":"2026-08-08T09:31:08Z","reason":"Error","startedAt":"2026-08-08T09:31:08Z"}}	2026-08-08T09:28:23Z	2026-08-08T09:28:23Z
1786181490.083352000	6	{"terminated":{"containerID":"containerd://97c816403511b996f42d123b61871edeef412d6b3b5f2ed9c012566665db3253","exitCode":1,"finishedAt":"2026-08-08T09:31:08Z","reason":"Error","startedAt":"2026-08-08T09:31:08Z"}}	2026-08-08T09:28:23Z	2026-08-08T09:28:23Z
1786181491.141736000	6	{"terminated":{"containerID":"containerd://97c816403511b996f42d123b61871edeef412d6b3b5f2ed9c012566665db3253","exitCode":1,"finishedAt":"2026-08-08T09:31:08Z","reason":"Error","startedAt":"2026-08-08T09:31:08Z"}}	2026-08-08T09:28:23Z	2026-08-08T09:28:23Z
1786181492.194360000	6	{"terminated":{"containerID":"containerd://97c816403511b996f42d123b61871edeef412d6b3b5f2ed9c012566665db3253","exitCode":1,"finishedAt":"2026-08-08T09:31:08Z","reason":"Error","startedAt":"2026-08-08T09:31:08Z"}}	2026-08-08T09:28:23Z	2026-08-08T09:28:23Z
1786181493.235104000	6	{"terminated":{"containerID":"containerd://97c816403511b996f42d123b61871edeef412d6b3b5f2ed9c012566665db3253","exitCode":1,"finishedAt":"2026-08-08T09:31:08Z","reason":"Error","startedAt":"2026-08-08T09:31:08Z"}}	2026-08-08T09:28:23Z	2026-08-08T09:28:23Z
1786181494.276236000	6	{"terminated":{"containerID":"containerd://97c816403511b996f42d123b61871edeef412d6b3b5f2ed9c012566665db3253","exitCode":1,"finishedAt":"2026-08-08T09:31:08Z","reason":"Error","startedAt":"2026-08-08T09:31:08Z"}}	2026-08-08T09:28:23Z	2026-08-08T09:28:23Z
1786181495.318247000	6	{"terminated":{"containerID":"containerd://97c816403511b996f42d123b61871edeef412d6b3b5f2ed9c012566665db3253","exitCode":1,"finishedAt":"2026-08-08T09:31:08Z","reason":"Error","startedAt":"2026-08-08T09:31:08Z"}}	2026-08-08T09:28:23Z	2026-08-08T09:28:23Z
1786181496.366912000	6	{"terminated":{"containerID":"containerd://97c816403511b996f42d123b61871edeef412d6b3b5f2ed9c012566665db3253","exitCode":1,"finishedAt":"2026-08-08T09:31:08Z","reason":"Error","startedAt":"2026-08-08T09:31:08Z"}}	2026-08-08T09:28:23Z	2026-08-08T09:28:23Z
1786181497.406213000	6	{"terminated":{"containerID":"containerd://97c816403511b996f42d123b61871edeef412d6b3b5f2ed9c012566665db3253","exitCode":1,"finishedAt":"2026-08-08T09:31:08Z","reason":"Error","startedAt":"2026-08-08T09:31:08Z"}}	2026-08-08T09:28:23Z	2026-08-08T09:28:23Z
1786181498.448711000	6	{"terminated":{"containerID":"containerd://97c816403511b996f42d123b61871edeef412d6b3b5f2ed9c012566665db3253","exitCode":1,"finishedAt":"2026-08-08T09:31:08Z","reason":"Error","startedAt":"2026-08-08T09:31:08Z"}}	2026-08-08T09:28:23Z	2026-08-08T09:28:23Z
1786181499.492690000	6	{"terminated":{"containerID":"containerd://97c816403511b996f42d123b61871edeef412d6b3b5f2ed9c012566665db3253","exitCode":1,"finishedAt":"2026-08-08T09:31:08Z","reason":"Error","startedAt":"2026-08-08T09:31:08Z"}}	2026-08-08T09:28:23Z	2026-08-08T09:28:23Z
1786181500.542824000	6	{"terminated":{"containerID":"containerd://97c816403511b996f42d123b61871edeef412d6b3b5f2ed9c012566665db3253","exitCode":1,"finishedAt":"2026-08-08T09:31:08Z","reason":"Error","startedAt":"2026-08-08T09:31:08Z"}}	2026-08-08T09:28:23Z	2026-08-08T09:28:23Z
1786181501.587565000	6	{"terminated":{"containerID":"containerd://97c816403511b996f42d123b61871edeef412d6b3b5f2ed9c012566665db3253","exitCode":1,"finishedAt":"2026-08-08T09:31:08Z","reason":"Error","startedAt":"2026-08-08T09:31:08Z"}}	2026-08-08T09:28:23Z	2026-08-08T09:28:23Z
1786181502.633540000	6	{"terminated":{"containerID":"containerd://97c816403511b996f42d123b61871edeef412d6b3b5f2ed9c012566665db3253","exitCode":1,"finishedAt":"2026-08-08T09:31:08Z","reason":"Error","startedAt":"2026-08-08T09:31:08Z"}}	2026-08-08T09:28:23Z	2026-08-08T09:28:23Z
1786181503.682485000	6	{"terminated":{"containerID":"containerd://97c816403511b996f42d123b61871edeef412d6b3b5f2ed9c012566665db3253","exitCode":1,"finishedAt":"2026-08-08T09:31:08Z","reason":"Error","startedAt":"2026-08-08T09:31:08Z"}}	2026-08-08T09:28:23Z	2026-08-08T09:28:23Z
1786181504.729492000	6	{"terminated":{"containerID":"containerd://97c816403511b996f42d123b61871edeef412d6b3b5f2ed9c012566665db3253","exitCode":1,"finishedAt":"2026-08-08T09:31:08Z","reason":"Error","startedAt":"2026-08-08T09:31:08Z"}}	2026-08-08T09:28:23Z	2026-08-08T09:28:23Z
1786181505.773726000	6	{"terminated":{"containerID":"containerd://97c816403511b996f42d123b61871edeef412d6b3b5f2ed9c012566665db3253","exitCode":1,"finishedAt":"2026-08-08T09:31:08Z","reason":"Error","startedAt":"2026-08-08T09:31:08Z"}}	2026-08-08T09:28:23Z	2026-08-08T09:28:23Z
1786181506.822752000	6	{"terminated":{"containerID":"containerd://97c816403511b996f42d123b61871edeef412d6b3b5f2ed9c012566665db3253","exitCode":1,"finishedAt":"2026-08-08T09:31:08Z","reason":"Error","startedAt":"2026-08-08T09:31:08Z"}}	2026-08-08T09:28:23Z	2026-08-08T09:28:23Z
1786181507.873060000	6	{"terminated":{"containerID":"containerd://97c816403511b996f42d123b61871edeef412d6b3b5f2ed9c012566665db3253","exitCode":1,"finishedAt":"2026-08-08T09:31:08Z","reason":"Error","startedAt":"2026-08-08T09:31:08Z"}}	2026-08-08T09:28:23Z	2026-08-08T09:28:23Z
1786181508.924774000	6	{"terminated":{"containerID":"containerd://97c816403511b996f42d123b61871edeef412d6b3b5f2ed9c012566665db3253","exitCode":1,"finishedAt":"2026-08-08T09:31:08Z","reason":"Error","startedAt":"2026-08-08T09:31:08Z"}}	2026-08-08T09:28:23Z	2026-08-08T09:28:23Z
1786181509.976697000	6	{"terminated":{"containerID":"containerd://97c816403511b996f42d123b61871edeef412d6b3b5f2ed9c012566665db3253","exitCode":1,"finishedAt":"2026-08-08T09:31:08Z","reason":"Error","startedAt":"2026-08-08T09:31:08Z"}}	2026-08-08T09:28:23Z	2026-08-08T09:28:23Z
1786181511.028597000	6	{"terminated":{"containerID":"containerd://97c816403511b996f42d123b61871edeef412d6b3b5f2ed9c012566665db3253","exitCode":1,"finishedAt":"2026-08-08T09:31:08Z","reason":"Error","startedAt":"2026-08-08T09:31:08Z"}}	2026-08-08T09:28:23Z	2026-08-08T09:28:23Z
1786181512.077533000	6	{"terminated":{"containerID":"containerd://97c816403511b996f42d123b61871edeef412d6b3b5f2ed9c012566665db3253","exitCode":1,"finishedAt":"2026-08-08T09:31:08Z","reason":"Error","startedAt":"2026-08-08T09:31:08Z"}}	2026-08-08T09:28:23Z	2026-08-08T09:28:23Z
1786181513.126582000	6	{"terminated":{"containerID":"containerd://97c816403511b996f42d123b61871edeef412d6b3b5f2ed9c012566665db3253","exitCode":1,"finishedAt":"2026-08-08T09:31:08Z","reason":"Error","startedAt":"2026-08-08T09:31:08Z"}}	2026-08-08T09:28:23Z	2026-08-08T09:28:23Z
1786181514.175935000	6	{"terminated":{"containerID":"containerd://97c816403511b996f42d123b61871edeef412d6b3b5f2ed9c012566665db3253","exitCode":1,"finishedAt":"2026-08-08T09:31:08Z","reason":"Error","startedAt":"2026-08-08T09:31:08Z"}}	2026-08-08T09:28:23Z	2026-08-08T09:28:23Z
1786181515.216952000	6	{"terminated":{"containerID":"containerd://97c816403511b996f42d123b61871edeef412d6b3b5f2ed9c012566665db3253","exitCode":1,"finishedAt":"2026-08-08T09:31:08Z","reason":"Error","startedAt":"2026-08-08T09:31:08Z"}}	2026-08-08T09:28:23Z	2026-08-08T09:28:23Z
1786181516.265268000	6	{"terminated":{"containerID":"containerd://97c816403511b996f42d123b61871edeef412d6b3b5f2ed9c012566665db3253","exitCode":1,"finishedAt":"2026-08-08T09:31:08Z","reason":"Error","startedAt":"2026-08-08T09:31:08Z"}}	2026-08-08T09:28:23Z	2026-08-08T09:28:23Z
1786181517.311202000	6	{"terminated":{"containerID":"containerd://97c816403511b996f42d123b61871edeef412d6b3b5f2ed9c012566665db3253","exitCode":1,"finishedAt":"2026-08-08T09:31:08Z","reason":"Error","startedAt":"2026-08-08T09:31:08Z"}}	2026-08-08T09:28:23Z	2026-08-08T09:28:23Z
1786181518.358060000	6	{"terminated":{"containerID":"containerd://97c816403511b996f42d123b61871edeef412d6b3b5f2ed9c012566665db3253","exitCode":1,"finishedAt":"2026-08-08T09:31:08Z","reason":"Error","startedAt":"2026-08-08T09:31:08Z"}}	2026-08-08T09:28:23Z	2026-08-08T09:28:23Z
1786181519.404894000	6	{"terminated":{"containerID":"containerd://97c816403511b996f42d123b61871edeef412d6b3b5f2ed9c012566665db3253","exitCode":1,"finishedAt":"2026-08-08T09:31:08Z","reason":"Error","startedAt":"2026-08-08T09:31:08Z"}}	2026-08-08T09:28:23Z	2026-08-08T09:28:23Z
1786181520.451648000	6	{"terminated":{"containerID":"containerd://97c816403511b996f42d123b61871edeef412d6b3b5f2ed9c012566665db3253","exitCode":1,"finishedAt":"2026-08-08T09:31:08Z","reason":"Error","startedAt":"2026-08-08T09:31:08Z"}}	2026-08-08T09:28:23Z	2026-08-08T09:28:23Z
1786181521.503964000	6	{"terminated":{"containerID":"containerd://97c816403511b996f42d123b61871edeef412d6b3b5f2ed9c012566665db3253","exitCode":1,"finishedAt":"2026-08-08T09:31:08Z","reason":"Error","startedAt":"2026-08-08T09:31:08Z"}}	2026-08-08T09:28:23Z	2026-08-08T09:28:23Z
1786181522.549986000	6	{"terminated":{"containerID":"containerd://97c816403511b996f42d123b61871edeef412d6b3b5f2ed9c012566665db3253","exitCode":1,"finishedAt":"2026-08-08T09:31:08Z","reason":"Error","startedAt":"2026-08-08T09:31:08Z"}}	2026-08-08T09:28:23Z	2026-08-08T09:28:23Z
1786181523.593264000	6	{"terminated":{"containerID":"containerd://97c816403511b996f42d123b61871edeef412d6b3b5f2ed9c012566665db3253","exitCode":1,"finishedAt":"2026-08-08T09:31:08Z","reason":"Error","startedAt":"2026-08-08T09:31:08Z"}}	2026-08-08T09:28:23Z	2026-08-08T09:28:23Z
1786181524.640131000	6	{"terminated":{"containerID":"containerd://97c816403511b996f42d123b61871edeef412d6b3b5f2ed9c012566665db3253","exitCode":1,"finishedAt":"2026-08-08T09:31:08Z","reason":"Error","startedAt":"2026-08-08T09:31:08Z"}}	2026-08-08T09:28:23Z	2026-08-08T09:28:23Z
1786181525.693636000	6	{"terminated":{"containerID":"containerd://97c816403511b996f42d123b61871edeef412d6b3b5f2ed9c012566665db3253","exitCode":1,"finishedAt":"2026-08-08T09:31:08Z","reason":"Error","startedAt":"2026-08-08T09:31:08Z"}}	2026-08-08T09:28:23Z	2026-08-08T09:28:23Z
1786181526.746522000	6	{"terminated":{"containerID":"containerd://97c816403511b996f42d123b61871edeef412d6b3b5f2ed9c012566665db3253","exitCode":1,"finishedAt":"2026-08-08T09:31:08Z","reason":"Error","startedAt":"2026-08-08T09:31:08Z"}}	2026-08-08T09:28:23Z	2026-08-08T09:28:23Z
1786181527.789971000	6	{"terminated":{"containerID":"containerd://97c816403511b996f42d123b61871edeef412d6b3b5f2ed9c012566665db3253","exitCode":1,"finishedAt":"2026-08-08T09:31:08Z","reason":"Error","startedAt":"2026-08-08T09:31:08Z"}}	2026-08-08T09:28:23Z	2026-08-08T09:28:23Z
1786181528.846036000	6	{"terminated":{"containerID":"containerd://97c816403511b996f42d123b61871edeef412d6b3b5f2ed9c012566665db3253","exitCode":1,"finishedAt":"2026-08-08T09:31:08Z","reason":"Error","startedAt":"2026-08-08T09:31:08Z"}}	2026-08-08T09:28:23Z	2026-08-08T09:28:23Z
1786181529.907823000	6	{"terminated":{"containerID":"containerd://97c816403511b996f42d123b61871edeef412d6b3b5f2ed9c012566665db3253","exitCode":1,"finishedAt":"2026-08-08T09:31:08Z","reason":"Error","startedAt":"2026-08-08T09:31:08Z"}}	2026-08-08T09:28:23Z	2026-08-08T09:28:23Z
1786181530.960325000	6	{"terminated":{"containerID":"containerd://97c816403511b996f42d123b61871edeef412d6b3b5f2ed9c012566665db3253","exitCode":1,"finishedAt":"2026-08-08T09:31:08Z","reason":"Error","startedAt":"2026-08-08T09:31:08Z"}}	2026-08-08T09:28:23Z	2026-08-08T09:28:23Z
1786181532.012381000	6	{"terminated":{"containerID":"containerd://97c816403511b996f42d123b61871edeef412d6b3b5f2ed9c012566665db3253","exitCode":1,"finishedAt":"2026-08-08T09:31:08Z","reason":"Error","startedAt":"2026-08-08T09:31:08Z"}}	2026-08-08T09:28:23Z	2026-08-08T09:28:23Z
1786181533.071432000	6	{"terminated":{"containerID":"containerd://97c816403511b996f42d123b61871edeef412d6b3b5f2ed9c012566665db3253","exitCode":1,"finishedAt":"2026-08-08T09:31:08Z","reason":"Error","startedAt":"2026-08-08T09:31:08Z"}}	2026-08-08T09:28:23Z	2026-08-08T09:28:23Z
1786181534.116793000	6	{"terminated":{"containerID":"containerd://97c816403511b996f42d123b61871edeef412d6b3b5f2ed9c012566665db3253","exitCode":1,"finishedAt":"2026-08-08T09:31:08Z","reason":"Error","startedAt":"2026-08-08T09:31:08Z"}}	2026-08-08T09:28:23Z	2026-08-08T09:28:23Z
1786181535.158569000	6	{"terminated":{"containerID":"containerd://97c816403511b996f42d123b61871edeef412d6b3b5f2ed9c012566665db3253","exitCode":1,"finishedAt":"2026-08-08T09:31:08Z","reason":"Error","startedAt":"2026-08-08T09:31:08Z"}}	2026-08-08T09:28:23Z	2026-08-08T09:28:23Z
1786181536.207039000	6	{"terminated":{"containerID":"containerd://97c816403511b996f42d123b61871edeef412d6b3b5f2ed9c012566665db3253","exitCode":1,"finishedAt":"2026-08-08T09:31:08Z","reason":"Error","startedAt":"2026-08-08T09:31:08Z"}}	2026-08-08T09:28:23Z	2026-08-08T09:28:23Z
1786181537.256444000	6	{"terminated":{"containerID":"containerd://97c816403511b996f42d123b61871edeef412d6b3b5f2ed9c012566665db3253","exitCode":1,"finishedAt":"2026-08-08T09:31:08Z","reason":"Error","startedAt":"2026-08-08T09:31:08Z"}}	2026-08-08T09:28:23Z	2026-08-08T09:28:23Z
1786181538.306440000	6	{"waiting":{"message":"back-off 5m0s restarting failed container=app pod=crash_default(f580c79c-b902-45cb-a3e3-acccd8e5d935)","reason":"CrashLoopBackOff"}}	2026-08-08T09:31:08Z	2026-08-08T09:31:08Z
1786181539.353603000	6	{"waiting":{"message":"back-off 5m0s restarting failed container=app pod=crash_default(f580c79c-b902-45cb-a3e3-acccd8e5d935)","reason":"CrashLoopBackOff"}}	2026-08-08T09:31:08Z	2026-08-08T09:31:08Z
1786181540.400249000	6	{"waiting":{"message":"back-off 5m0s restarting failed container=app pod=crash_default(f580c79c-b902-45cb-a3e3-acccd8e5d935)","reason":"CrashLoopBackOff"}}	2026-08-08T09:31:08Z	2026-08-08T09:31:08Z
1786181541.440032000	6	{"waiting":{"message":"back-off 5m0s restarting failed container=app pod=crash_default(f580c79c-b902-45cb-a3e3-acccd8e5d935)","reason":"CrashLoopBackOff"}}	2026-08-08T09:31:08Z	2026-08-08T09:31:08Z
1786181542.480909000	6	{"waiting":{"message":"back-off 5m0s restarting failed container=app pod=crash_default(f580c79c-b902-45cb-a3e3-acccd8e5d935)","reason":"CrashLoopBackOff"}}	2026-08-08T09:31:08Z	2026-08-08T09:31:08Z
1786181543.523502000	6	{"waiting":{"message":"back-off 5m0s restarting failed container=app pod=crash_default(f580c79c-b902-45cb-a3e3-acccd8e5d935)","reason":"CrashLoopBackOff"}}	2026-08-08T09:31:08Z	2026-08-08T09:31:08Z
1786181544.562646000	6	{"waiting":{"message":"back-off 5m0s restarting failed container=app pod=crash_default(f580c79c-b902-45cb-a3e3-acccd8e5d935)","reason":"CrashLoopBackOff"}}	2026-08-08T09:31:08Z	2026-08-08T09:31:08Z
1786181545.605972000	6	{"waiting":{"message":"back-off 5m0s restarting failed container=app pod=crash_default(f580c79c-b902-45cb-a3e3-acccd8e5d935)","reason":"CrashLoopBackOff"}}	2026-08-08T09:31:08Z	2026-08-08T09:31:08Z
1786181546.647172000	6	{"waiting":{"message":"back-off 5m0s restarting failed container=app pod=crash_default(f580c79c-b902-45cb-a3e3-acccd8e5d935)","reason":"CrashLoopBackOff"}}	2026-08-08T09:31:08Z	2026-08-08T09:31:08Z
1786181547.689173000	6	{"waiting":{"message":"back-off 5m0s restarting failed container=app pod=crash_default(f580c79c-b902-45cb-a3e3-acccd8e5d935)","reason":"CrashLoopBackOff"}}	2026-08-08T09:31:08Z	2026-08-08T09:31:08Z
1786181548.734343000	6	{"waiting":{"message":"back-off 5m0s restarting failed container=app pod=crash_default(f580c79c-b902-45cb-a3e3-acccd8e5d935)","reason":"CrashLoopBackOff"}}	2026-08-08T09:31:08Z	2026-08-08T09:31:08Z
1786181549.782592000	6	{"waiting":{"message":"back-off 5m0s restarting failed container=app pod=crash_default(f580c79c-b902-45cb-a3e3-acccd8e5d935)","reason":"CrashLoopBackOff"}}	2026-08-08T09:31:08Z	2026-08-08T09:31:08Z
1786181550.830140000	6	{"waiting":{"message":"back-off 5m0s restarting failed container=app pod=crash_default(f580c79c-b902-45cb-a3e3-acccd8e5d935)","reason":"CrashLoopBackOff"}}	2026-08-08T09:31:08Z	2026-08-08T09:31:08Z
1786181551.883239000	6	{"waiting":{"message":"back-off 5m0s restarting failed container=app pod=crash_default(f580c79c-b902-45cb-a3e3-acccd8e5d935)","reason":"CrashLoopBackOff"}}	2026-08-08T09:31:08Z	2026-08-08T09:31:08Z
1786181552.934445000	6	{"waiting":{"message":"back-off 5m0s restarting failed container=app pod=crash_default(f580c79c-b902-45cb-a3e3-acccd8e5d935)","reason":"CrashLoopBackOff"}}	2026-08-08T09:31:08Z	2026-08-08T09:31:08Z
1786181553.986229000	6	{"waiting":{"message":"back-off 5m0s restarting failed container=app pod=crash_default(f580c79c-b902-45cb-a3e3-acccd8e5d935)","reason":"CrashLoopBackOff"}}	2026-08-08T09:31:08Z	2026-08-08T09:31:08Z
1786181555.045750000	6	{"waiting":{"message":"back-off 5m0s restarting failed container=app pod=crash_default(f580c79c-b902-45cb-a3e3-acccd8e5d935)","reason":"CrashLoopBackOff"}}	2026-08-08T09:31:08Z	2026-08-08T09:31:08Z
1786181556.093159000	6	{"waiting":{"message":"back-off 5m0s restarting failed container=app pod=crash_default(f580c79c-b902-45cb-a3e3-acccd8e5d935)","reason":"CrashLoopBackOff"}}	2026-08-08T09:31:08Z	2026-08-08T09:31:08Z
1786181557.145150000	6	{"waiting":{"message":"back-off 5m0s restarting failed container=app pod=crash_default(f580c79c-b902-45cb-a3e3-acccd8e5d935)","reason":"CrashLoopBackOff"}}	2026-08-08T09:31:08Z	2026-08-08T09:31:08Z
1786181558.188686000	6	{"waiting":{"message":"back-off 5m0s restarting failed container=app pod=crash_default(f580c79c-b902-45cb-a3e3-acccd8e5d935)","reason":"CrashLoopBackOff"}}	2026-08-08T09:31:08Z	2026-08-08T09:31:08Z
1786181559.238389000	6	{"waiting":{"message":"back-off 5m0s restarting failed container=app pod=crash_default(f580c79c-b902-45cb-a3e3-acccd8e5d935)","reason":"CrashLoopBackOff"}}	2026-08-08T09:31:08Z	2026-08-08T09:31:08Z
1786181560.280728000	6	{"waiting":{"message":"back-off 5m0s restarting failed container=app pod=crash_default(f580c79c-b902-45cb-a3e3-acccd8e5d935)","reason":"CrashLoopBackOff"}}	2026-08-08T09:31:08Z	2026-08-08T09:31:08Z
1786181561.324491000	6	{"waiting":{"message":"back-off 5m0s restarting failed container=app pod=crash_default(f580c79c-b902-45cb-a3e3-acccd8e5d935)","reason":"CrashLoopBackOff"}}	2026-08-08T09:31:08Z	2026-08-08T09:31:08Z
1786181562.366185000	6	{"waiting":{"message":"back-off 5m0s restarting failed container=app pod=crash_default(f580c79c-b902-45cb-a3e3-acccd8e5d935)","reason":"CrashLoopBackOff"}}	2026-08-08T09:31:08Z	2026-08-08T09:31:08Z
1786181563.409171000	6	{"waiting":{"message":"back-off 5m0s restarting failed container=app pod=crash_default(f580c79c-b902-45cb-a3e3-acccd8e5d935)","reason":"CrashLoopBackOff"}}	2026-08-08T09:31:08Z	2026-08-08T09:31:08Z
1786181564.456292000	6	{"waiting":{"message":"back-off 5m0s restarting failed container=app pod=crash_default(f580c79c-b902-45cb-a3e3-acccd8e5d935)","reason":"CrashLoopBackOff"}}	2026-08-08T09:31:08Z	2026-08-08T09:31:08Z
1786181565.501000000	6	{"waiting":{"message":"back-off 5m0s restarting failed container=app pod=crash_default(f580c79c-b902-45cb-a3e3-acccd8e5d935)","reason":"CrashLoopBackOff"}}	2026-08-08T09:31:08Z	2026-08-08T09:31:08Z
1786181566.546151000	6	{"waiting":{"message":"back-off 5m0s restarting failed container=app pod=crash_default(f580c79c-b902-45cb-a3e3-acccd8e5d935)","reason":"CrashLoopBackOff"}}	2026-08-08T09:31:08Z	2026-08-08T09:31:08Z
1786181567.582346000	6	{"waiting":{"message":"back-off 5m0s restarting failed container=app pod=crash_default(f580c79c-b902-45cb-a3e3-acccd8e5d935)","reason":"CrashLoopBackOff"}}	2026-08-08T09:31:08Z	2026-08-08T09:31:08Z
1786181568.615178000	6	{"waiting":{"message":"back-off 5m0s restarting failed container=app pod=crash_default(f580c79c-b902-45cb-a3e3-acccd8e5d935)","reason":"CrashLoopBackOff"}}	2026-08-08T09:31:08Z	2026-08-08T09:31:08Z
1786181569.649555000	6	{"waiting":{"message":"back-off 5m0s restarting failed container=app pod=crash_default(f580c79c-b902-45cb-a3e3-acccd8e5d935)","reason":"CrashLoopBackOff"}}	2026-08-08T09:31:08Z	2026-08-08T09:31:08Z
1786181570.700855000	6	{"waiting":{"message":"back-off 5m0s restarting failed container=app pod=crash_default(f580c79c-b902-45cb-a3e3-acccd8e5d935)","reason":"CrashLoopBackOff"}}	2026-08-08T09:31:08Z	2026-08-08T09:31:08Z
1786181571.745002000	6	{"waiting":{"message":"back-off 5m0s restarting failed container=app pod=crash_default(f580c79c-b902-45cb-a3e3-acccd8e5d935)","reason":"CrashLoopBackOff"}}	2026-08-08T09:31:08Z	2026-08-08T09:31:08Z
1786181572.788230000	6	{"waiting":{"message":"back-off 5m0s restarting failed container=app pod=crash_default(f580c79c-b902-45cb-a3e3-acccd8e5d935)","reason":"CrashLoopBackOff"}}	2026-08-08T09:31:08Z	2026-08-08T09:31:08Z
1786181573.843543000	6	{"waiting":{"message":"back-off 5m0s restarting failed container=app pod=crash_default(f580c79c-b902-45cb-a3e3-acccd8e5d935)","reason":"CrashLoopBackOff"}}	2026-08-08T09:31:08Z	2026-08-08T09:31:08Z
1786181574.907013000	6	{"waiting":{"message":"back-off 5m0s restarting failed container=app pod=crash_default(f580c79c-b902-45cb-a3e3-acccd8e5d935)","reason":"CrashLoopBackOff"}}	2026-08-08T09:31:08Z	2026-08-08T09:31:08Z
1786181575.957750000	6	{"waiting":{"message":"back-off 5m0s restarting failed container=app pod=crash_default(f580c79c-b902-45cb-a3e3-acccd8e5d935)","reason":"CrashLoopBackOff"}}	2026-08-08T09:31:08Z	2026-08-08T09:31:08Z
1786181577.009678000	6	{"waiting":{"message":"back-off 5m0s restarting failed container=app pod=crash_default(f580c79c-b902-45cb-a3e3-acccd8e5d935)","reason":"CrashLoopBackOff"}}	2026-08-08T09:31:08Z	2026-08-08T09:31:08Z
1786181578.063394000	6	{"waiting":{"message":"back-off 5m0s restarting failed container=app pod=crash_default(f580c79c-b902-45cb-a3e3-acccd8e5d935)","reason":"CrashLoopBackOff"}}	2026-08-08T09:31:08Z	2026-08-08T09:31:08Z
1786181579.114939000	6	{"waiting":{"message":"back-off 5m0s restarting failed container=app pod=crash_default(f580c79c-b902-45cb-a3e3-acccd8e5d935)","reason":"CrashLoopBackOff"}}	2026-08-08T09:31:08Z	2026-08-08T09:31:08Z
1786181580.157754000	6	{"waiting":{"message":"back-off 5m0s restarting failed container=app pod=crash_default(f580c79c-b902-45cb-a3e3-acccd8e5d935)","reason":"CrashLoopBackOff"}}	2026-08-08T09:31:08Z	2026-08-08T09:31:08Z
1786181581.209059000	6	{"waiting":{"message":"back-off 5m0s restarting failed container=app pod=crash_default(f580c79c-b902-45cb-a3e3-acccd8e5d935)","reason":"CrashLoopBackOff"}}	2026-08-08T09:31:08Z	2026-08-08T09:31:08Z
1786181582.256631000	6	{"waiting":{"message":"back-off 5m0s restarting failed container=app pod=crash_default(f580c79c-b902-45cb-a3e3-acccd8e5d935)","reason":"CrashLoopBackOff"}}	2026-08-08T09:31:08Z	2026-08-08T09:31:08Z
1786181583.300436000	6	{"waiting":{"message":"back-off 5m0s restarting failed container=app pod=crash_default(f580c79c-b902-45cb-a3e3-acccd8e5d935)","reason":"CrashLoopBackOff"}}	2026-08-08T09:31:08Z	2026-08-08T09:31:08Z
1786181584.342558000	6	{"waiting":{"message":"back-off 5m0s restarting failed container=app pod=crash_default(f580c79c-b902-45cb-a3e3-acccd8e5d935)","reason":"CrashLoopBackOff"}}	2026-08-08T09:31:08Z	2026-08-08T09:31:08Z
1786181585.388989000	6	{"waiting":{"message":"back-off 5m0s restarting failed container=app pod=crash_default(f580c79c-b902-45cb-a3e3-acccd8e5d935)","reason":"CrashLoopBackOff"}}	2026-08-08T09:31:08Z	2026-08-08T09:31:08Z
1786181586.425998000	6	{"waiting":{"message":"back-off 5m0s restarting failed container=app pod=crash_default(f580c79c-b902-45cb-a3e3-acccd8e5d935)","reason":"CrashLoopBackOff"}}	2026-08-08T09:31:08Z	2026-08-08T09:31:08Z
1786181587.467482000	6	{"waiting":{"message":"back-off 5m0s restarting failed container=app pod=crash_default(f580c79c-b902-45cb-a3e3-acccd8e5d935)","reason":"CrashLoopBackOff"}}	2026-08-08T09:31:08Z	2026-08-08T09:31:08Z
1786181588.515441000	6	{"waiting":{"message":"back-off 5m0s restarting failed container=app pod=crash_default(f580c79c-b902-45cb-a3e3-acccd8e5d935)","reason":"CrashLoopBackOff"}}	2026-08-08T09:31:08Z	2026-08-08T09:31:08Z
1786181589.557874000	6	{"waiting":{"message":"back-off 5m0s restarting failed container=app pod=crash_default(f580c79c-b902-45cb-a3e3-acccd8e5d935)","reason":"CrashLoopBackOff"}}	2026-08-08T09:31:08Z	2026-08-08T09:31:08Z
1786181590.607271000	6	{"waiting":{"message":"back-off 5m0s restarting failed container=app pod=crash_default(f580c79c-b902-45cb-a3e3-acccd8e5d935)","reason":"CrashLoopBackOff"}}	2026-08-08T09:31:08Z	2026-08-08T09:31:08Z
1786181591.660230000	6	{"waiting":{"message":"back-off 5m0s restarting failed container=app pod=crash_default(f580c79c-b902-45cb-a3e3-acccd8e5d935)","reason":"CrashLoopBackOff"}}	2026-08-08T09:31:08Z	2026-08-08T09:31:08Z
1786181592.708739000	6	{"waiting":{"message":"back-off 5m0s restarting failed container=app pod=crash_default(f580c79c-b902-45cb-a3e3-acccd8e5d935)","reason":"CrashLoopBackOff"}}	2026-08-08T09:31:08Z	2026-08-08T09:31:08Z
1786181593.752249000	6	{"waiting":{"message":"back-off 5m0s restarting failed container=app pod=crash_default(f580c79c-b902-45cb-a3e3-acccd8e5d935)","reason":"CrashLoopBackOff"}}	2026-08-08T09:31:08Z	2026-08-08T09:31:08Z
1786181594.796992000	6	{"waiting":{"message":"back-off 5m0s restarting failed container=app pod=crash_default(f580c79c-b902-45cb-a3e3-acccd8e5d935)","reason":"CrashLoopBackOff"}}	2026-08-08T09:31:08Z	2026-08-08T09:31:08Z
1786181595.841331000	6	{"waiting":{"message":"back-off 5m0s restarting failed container=app pod=crash_default(f580c79c-b902-45cb-a3e3-acccd8e5d935)","reason":"CrashLoopBackOff"}}	2026-08-08T09:31:08Z	2026-08-08T09:31:08Z
1786181596.891601000	6	{"waiting":{"message":"back-off 5m0s restarting failed container=app pod=crash_default(f580c79c-b902-45cb-a3e3-acccd8e5d935)","reason":"CrashLoopBackOff"}}	2026-08-08T09:31:08Z	2026-08-08T09:31:08Z
1786181597.934318000	6	{"waiting":{"message":"back-off 5m0s restarting failed container=app pod=crash_default(f580c79c-b902-45cb-a3e3-acccd8e5d935)","reason":"CrashLoopBackOff"}}	2026-08-08T09:31:08Z	2026-08-08T09:31:08Z
1786181598.982273000	6	{"waiting":{"message":"back-off 5m0s restarting failed container=app pod=crash_default(f580c79c-b902-45cb-a3e3-acccd8e5d935)","reason":"CrashLoopBackOff"}}	2026-08-08T09:31:08Z	2026-08-08T09:31:08Z
1786181600.027392000	6	{"waiting":{"message":"back-off 5m0s restarting failed container=app pod=crash_default(f580c79c-b902-45cb-a3e3-acccd8e5d935)","reason":"CrashLoopBackOff"}}	2026-08-08T09:31:08Z	2026-08-08T09:31:08Z
1786181601.080019000	6	{"waiting":{"message":"back-off 5m0s restarting failed container=app pod=crash_default(f580c79c-b902-45cb-a3e3-acccd8e5d935)","reason":"CrashLoopBackOff"}}	2026-08-08T09:31:08Z	2026-08-08T09:31:08Z
1786181602.140199000	6	{"waiting":{"message":"back-off 5m0s restarting failed container=app pod=crash_default(f580c79c-b902-45cb-a3e3-acccd8e5d935)","reason":"CrashLoopBackOff"}}	2026-08-08T09:31:08Z	2026-08-08T09:31:08Z
1786181603.183999000	6	{"waiting":{"message":"back-off 5m0s restarting failed container=app pod=crash_default(f580c79c-b902-45cb-a3e3-acccd8e5d935)","reason":"CrashLoopBackOff"}}	2026-08-08T09:31:08Z	2026-08-08T09:31:08Z
1786181604.226099000	6	{"waiting":{"message":"back-off 5m0s restarting failed container=app pod=crash_default(f580c79c-b902-45cb-a3e3-acccd8e5d935)","reason":"CrashLoopBackOff"}}	2026-08-08T09:31:08Z	2026-08-08T09:31:08Z
1786181605.269025000	6	{"waiting":{"message":"back-off 5m0s restarting failed container=app pod=crash_default(f580c79c-b902-45cb-a3e3-acccd8e5d935)","reason":"CrashLoopBackOff"}}	2026-08-08T09:31:08Z	2026-08-08T09:31:08Z
1786181606.308299000	6	{"waiting":{"message":"back-off 5m0s restarting failed container=app pod=crash_default(f580c79c-b902-45cb-a3e3-acccd8e5d935)","reason":"CrashLoopBackOff"}}	2026-08-08T09:31:08Z	2026-08-08T09:31:08Z
1786181607.351895000	6	{"waiting":{"message":"back-off 5m0s restarting failed container=app pod=crash_default(f580c79c-b902-45cb-a3e3-acccd8e5d935)","reason":"CrashLoopBackOff"}}	2026-08-08T09:31:08Z	2026-08-08T09:31:08Z
1786181608.388611000	6	{"waiting":{"message":"back-off 5m0s restarting failed container=app pod=crash_default(f580c79c-b902-45cb-a3e3-acccd8e5d935)","reason":"CrashLoopBackOff"}}	2026-08-08T09:31:08Z	2026-08-08T09:31:08Z
1786181609.431734000	6	{"waiting":{"message":"back-off 5m0s restarting failed container=app pod=crash_default(f580c79c-b902-45cb-a3e3-acccd8e5d935)","reason":"CrashLoopBackOff"}}	2026-08-08T09:31:08Z	2026-08-08T09:31:08Z
1786181610.472441000	6	{"waiting":{"message":"back-off 5m0s restarting failed container=app pod=crash_default(f580c79c-b902-45cb-a3e3-acccd8e5d935)","reason":"CrashLoopBackOff"}}	2026-08-08T09:31:08Z	2026-08-08T09:31:08Z
1786181611.515627000	6	{"waiting":{"message":"back-off 5m0s restarting failed container=app pod=crash_default(f580c79c-b902-45cb-a3e3-acccd8e5d935)","reason":"CrashLoopBackOff"}}	2026-08-08T09:31:08Z	2026-08-08T09:31:08Z
1786181612.557338000	6	{"waiting":{"message":"back-off 5m0s restarting failed container=app pod=crash_default(f580c79c-b902-45cb-a3e3-acccd8e5d935)","reason":"CrashLoopBackOff"}}	2026-08-08T09:31:08Z	2026-08-08T09:31:08Z
1786181613.596956000	6	{"waiting":{"message":"back-off 5m0s restarting failed container=app pod=crash_default(f580c79c-b902-45cb-a3e3-acccd8e5d935)","reason":"CrashLoopBackOff"}}	2026-08-08T09:31:08Z	2026-08-08T09:31:08Z
1786181614.647218000	6	{"waiting":{"message":"back-off 5m0s restarting failed container=app pod=crash_default(f580c79c-b902-45cb-a3e3-acccd8e5d935)","reason":"CrashLoopBackOff"}}	2026-08-08T09:31:08Z	2026-08-08T09:31:08Z
1786181615.688545000	6	{"waiting":{"message":"back-off 5m0s restarting failed container=app pod=crash_default(f580c79c-b902-45cb-a3e3-acccd8e5d935)","reason":"CrashLoopBackOff"}}	2026-08-08T09:31:08Z	2026-08-08T09:31:08Z
1786181616.741094000	6	{"waiting":{"message":"back-off 5m0s restarting failed container=app pod=crash_default(f580c79c-b902-45cb-a3e3-acccd8e5d935)","reason":"CrashLoopBackOff"}}	2026-08-08T09:31:08Z	2026-08-08T09:31:08Z
1786181617.792957000	6	{"waiting":{"message":"back-off 5m0s restarting failed container=app pod=crash_default(f580c79c-b902-45cb-a3e3-acccd8e5d935)","reason":"CrashLoopBackOff"}}	2026-08-08T09:31:08Z	2026-08-08T09:31:08Z
1786181618.833597000	6	{"waiting":{"message":"back-off 5m0s restarting failed container=app pod=crash_default(f580c79c-b902-45cb-a3e3-acccd8e5d935)","reason":"CrashLoopBackOff"}}	2026-08-08T09:31:08Z	2026-08-08T09:31:08Z
1786181619.877104000	6	{"waiting":{"message":"back-off 5m0s restarting failed container=app pod=crash_default(f580c79c-b902-45cb-a3e3-acccd8e5d935)","reason":"CrashLoopBackOff"}}	2026-08-08T09:31:08Z	2026-08-08T09:31:08Z
1786181620.925594000	6	{"waiting":{"message":"back-off 5m0s restarting failed container=app pod=crash_default(f580c79c-b902-45cb-a3e3-acccd8e5d935)","reason":"CrashLoopBackOff"}}	2026-08-08T09:31:08Z	2026-08-08T09:31:08Z
1786181621.979627000	6	{"waiting":{"message":"back-off 5m0s restarting failed container=app pod=crash_default(f580c79c-b902-45cb-a3e3-acccd8e5d935)","reason":"CrashLoopBackOff"}}	2026-08-08T09:31:08Z	2026-08-08T09:31:08Z
1786181623.035899000	6	{"waiting":{"message":"back-off 5m0s restarting failed container=app pod=crash_default(f580c79c-b902-45cb-a3e3-acccd8e5d935)","reason":"CrashLoopBackOff"}}	2026-08-08T09:31:08Z	2026-08-08T09:31:08Z
1786181624.094039000	6	{"waiting":{"message":"back-off 5m0s restarting failed container=app pod=crash_default(f580c79c-b902-45cb-a3e3-acccd8e5d935)","reason":"CrashLoopBackOff"}}	2026-08-08T09:31:08Z	2026-08-08T09:31:08Z
1786181625.144400000	6	{"waiting":{"message":"back-off 5m0s restarting failed container=app pod=crash_default(f580c79c-b902-45cb-a3e3-acccd8e5d935)","reason":"CrashLoopBackOff"}}	2026-08-08T09:31:08Z	2026-08-08T09:31:08Z
1786181626.196523000	6	{"waiting":{"message":"back-off 5m0s restarting failed container=app pod=crash_default(f580c79c-b902-45cb-a3e3-acccd8e5d935)","reason":"CrashLoopBackOff"}}	2026-08-08T09:31:08Z	2026-08-08T09:31:08Z
1786181627.251828000	6	{"waiting":{"message":"back-off 5m0s restarting failed container=app pod=crash_default(f580c79c-b902-45cb-a3e3-acccd8e5d935)","reason":"CrashLoopBackOff"}}	2026-08-08T09:31:08Z	2026-08-08T09:31:08Z
1786181628.296920000	6	{"waiting":{"message":"back-off 5m0s restarting failed container=app pod=crash_default(f580c79c-b902-45cb-a3e3-acccd8e5d935)","reason":"CrashLoopBackOff"}}	2026-08-08T09:31:08Z	2026-08-08T09:31:08Z
1786181629.342433000	6	{"waiting":{"message":"back-off 5m0s restarting failed container=app pod=crash_default(f580c79c-b902-45cb-a3e3-acccd8e5d935)","reason":"CrashLoopBackOff"}}	2026-08-08T09:31:08Z	2026-08-08T09:31:08Z
1786181630.385906000	6	{"waiting":{"message":"back-off 5m0s restarting failed container=app pod=crash_default(f580c79c-b902-45cb-a3e3-acccd8e5d935)","reason":"CrashLoopBackOff"}}	2026-08-08T09:31:08Z	2026-08-08T09:31:08Z
1786181631.432507000	6	{"waiting":{"message":"back-off 5m0s restarting failed container=app pod=crash_default(f580c79c-b902-45cb-a3e3-acccd8e5d935)","reason":"CrashLoopBackOff"}}	2026-08-08T09:31:08Z	2026-08-08T09:31:08Z
1786181632.470902000	6	{"waiting":{"message":"back-off 5m0s restarting failed container=app pod=crash_default(f580c79c-b902-45cb-a3e3-acccd8e5d935)","reason":"CrashLoopBackOff"}}	2026-08-08T09:31:08Z	2026-08-08T09:31:08Z
1786181633.512433000	6	{"waiting":{"message":"back-off 5m0s restarting failed container=app pod=crash_default(f580c79c-b902-45cb-a3e3-acccd8e5d935)","reason":"CrashLoopBackOff"}}	2026-08-08T09:31:08Z	2026-08-08T09:31:08Z
1786181634.554142000	6	{"waiting":{"message":"back-off 5m0s restarting failed container=app pod=crash_default(f580c79c-b902-45cb-a3e3-acccd8e5d935)","reason":"CrashLoopBackOff"}}	2026-08-08T09:31:08Z	2026-08-08T09:31:08Z
1786181635.593946000	6	{"waiting":{"message":"back-off 5m0s restarting failed container=app pod=crash_default(f580c79c-b902-45cb-a3e3-acccd8e5d935)","reason":"CrashLoopBackOff"}}	2026-08-08T09:31:08Z	2026-08-08T09:31:08Z
1786181636.633933000	6	{"waiting":{"message":"back-off 5m0s restarting failed container=app pod=crash_default(f580c79c-b902-45cb-a3e3-acccd8e5d935)","reason":"CrashLoopBackOff"}}	2026-08-08T09:31:08Z	2026-08-08T09:31:08Z
1786181637.677587000	6	{"waiting":{"message":"back-off 5m0s restarting failed container=app pod=crash_default(f580c79c-b902-45cb-a3e3-acccd8e5d935)","reason":"CrashLoopBackOff"}}	2026-08-08T09:31:08Z	2026-08-08T09:31:08Z
1786181638.717624000	6	{"waiting":{"message":"back-off 5m0s restarting failed container=app pod=crash_default(f580c79c-b902-45cb-a3e3-acccd8e5d935)","reason":"CrashLoopBackOff"}}	2026-08-08T09:31:08Z	2026-08-08T09:31:08Z
1786181639.767054000	6	{"waiting":{"message":"back-off 5m0s restarting failed container=app pod=crash_default(f580c79c-b902-45cb-a3e3-acccd8e5d935)","reason":"CrashLoopBackOff"}}	2026-08-08T09:31:08Z	2026-08-08T09:31:08Z
1786181640.821388000	6	{"waiting":{"message":"back-off 5m0s restarting failed container=app pod=crash_default(f580c79c-b902-45cb-a3e3-acccd8e5d935)","reason":"CrashLoopBackOff"}}	2026-08-08T09:31:08Z	2026-08-08T09:31:08Z
1786181641.874313000	6	{"waiting":{"message":"back-off 5m0s restarting failed container=app pod=crash_default(f580c79c-b902-45cb-a3e3-acccd8e5d935)","reason":"CrashLoopBackOff"}}	2026-08-08T09:31:08Z	2026-08-08T09:31:08Z
1786181642.924466000	6	{"waiting":{"message":"back-off 5m0s restarting failed container=app pod=crash_default(f580c79c-b902-45cb-a3e3-acccd8e5d935)","reason":"CrashLoopBackOff"}}	2026-08-08T09:31:08Z	2026-08-08T09:31:08Z
1786181643.980580000	6	{"waiting":{"message":"back-off 5m0s restarting failed container=app pod=crash_default(f580c79c-b902-45cb-a3e3-acccd8e5d935)","reason":"CrashLoopBackOff"}}	2026-08-08T09:31:08Z	2026-08-08T09:31:08Z
1786181645.040929000	6	{"waiting":{"message":"back-off 5m0s restarting failed container=app pod=crash_default(f580c79c-b902-45cb-a3e3-acccd8e5d935)","reason":"CrashLoopBackOff"}}	2026-08-08T09:31:08Z	2026-08-08T09:31:08Z
1786181646.084822000	6	{"waiting":{"message":"back-off 5m0s restarting failed container=app pod=crash_default(f580c79c-b902-45cb-a3e3-acccd8e5d935)","reason":"CrashLoopBackOff"}}	2026-08-08T09:31:08Z	2026-08-08T09:31:08Z
1786181647.138650000	6	{"waiting":{"message":"back-off 5m0s restarting failed container=app pod=crash_default(f580c79c-b902-45cb-a3e3-acccd8e5d935)","reason":"CrashLoopBackOff"}}	2026-08-08T09:31:08Z	2026-08-08T09:31:08Z
1786181648.190925000	6	{"waiting":{"message":"back-off 5m0s restarting failed container=app pod=crash_default(f580c79c-b902-45cb-a3e3-acccd8e5d935)","reason":"CrashLoopBackOff"}}	2026-08-08T09:31:08Z	2026-08-08T09:31:08Z
1786181649.240617000	6	{"waiting":{"message":"back-off 5m0s restarting failed container=app pod=crash_default(f580c79c-b902-45cb-a3e3-acccd8e5d935)","reason":"CrashLoopBackOff"}}	2026-08-08T09:31:08Z	2026-08-08T09:31:08Z
1786181650.284747000	6	{"waiting":{"message":"back-off 5m0s restarting failed container=app pod=crash_default(f580c79c-b902-45cb-a3e3-acccd8e5d935)","reason":"CrashLoopBackOff"}}	2026-08-08T09:31:08Z	2026-08-08T09:31:08Z
1786181651.330170000	6	{"waiting":{"message":"back-off 5m0s restarting failed container=app pod=crash_default(f580c79c-b902-45cb-a3e3-acccd8e5d935)","reason":"CrashLoopBackOff"}}	2026-08-08T09:31:08Z	2026-08-08T09:31:08Z
1786181652.368390000	6	{"waiting":{"message":"back-off 5m0s restarting failed container=app pod=crash_default(f580c79c-b902-45cb-a3e3-acccd8e5d935)","reason":"CrashLoopBackOff"}}	2026-08-08T09:31:08Z	2026-08-08T09:31:08Z
1786181653.416553000	6	{"waiting":{"message":"back-off 5m0s restarting failed container=app pod=crash_default(f580c79c-b902-45cb-a3e3-acccd8e5d935)","reason":"CrashLoopBackOff"}}	2026-08-08T09:31:08Z	2026-08-08T09:31:08Z
1786181654.451995000	6	{"waiting":{"message":"back-off 5m0s restarting failed container=app pod=crash_default(f580c79c-b902-45cb-a3e3-acccd8e5d935)","reason":"CrashLoopBackOff"}}	2026-08-08T09:31:08Z	2026-08-08T09:31:08Z
1786181655.492131000	6	{"waiting":{"message":"back-off 5m0s restarting failed container=app pod=crash_default(f580c79c-b902-45cb-a3e3-acccd8e5d935)","reason":"CrashLoopBackOff"}}	2026-08-08T09:31:08Z	2026-08-08T09:31:08Z
1786181656.536726000	6	{"waiting":{"message":"back-off 5m0s restarting failed container=app pod=crash_default(f580c79c-b902-45cb-a3e3-acccd8e5d935)","reason":"CrashLoopBackOff"}}	2026-08-08T09:31:08Z	2026-08-08T09:31:08Z
1786181657.583155000	6	{"waiting":{"message":"back-off 5m0s restarting failed container=app pod=crash_default(f580c79c-b902-45cb-a3e3-acccd8e5d935)","reason":"CrashLoopBackOff"}}	2026-08-08T09:31:08Z	2026-08-08T09:31:08Z
1786181658.625587000	6	{"waiting":{"message":"back-off 5m0s restarting failed container=app pod=crash_default(f580c79c-b902-45cb-a3e3-acccd8e5d935)","reason":"CrashLoopBackOff"}}	2026-08-08T09:31:08Z	2026-08-08T09:31:08Z
1786181659.665463000	6	{"waiting":{"message":"back-off 5m0s restarting failed container=app pod=crash_default(f580c79c-b902-45cb-a3e3-acccd8e5d935)","reason":"CrashLoopBackOff"}}	2026-08-08T09:31:08Z	2026-08-08T09:31:08Z
1786181660.708438000	6	{"waiting":{"message":"back-off 5m0s restarting failed container=app pod=crash_default(f580c79c-b902-45cb-a3e3-acccd8e5d935)","reason":"CrashLoopBackOff"}}	2026-08-08T09:31:08Z	2026-08-08T09:31:08Z
1786181661.752150000	6	{"waiting":{"message":"back-off 5m0s restarting failed container=app pod=crash_default(f580c79c-b902-45cb-a3e3-acccd8e5d935)","reason":"CrashLoopBackOff"}}	2026-08-08T09:31:08Z	2026-08-08T09:31:08Z
1786181662.803662000	6	{"waiting":{"message":"back-off 5m0s restarting failed container=app pod=crash_default(f580c79c-b902-45cb-a3e3-acccd8e5d935)","reason":"CrashLoopBackOff"}}	2026-08-08T09:31:08Z	2026-08-08T09:31:08Z
1786181663.854503000	6	{"waiting":{"message":"back-off 5m0s restarting failed container=app pod=crash_default(f580c79c-b902-45cb-a3e3-acccd8e5d935)","reason":"CrashLoopBackOff"}}	2026-08-08T09:31:08Z	2026-08-08T09:31:08Z
1786181664.899534000	6	{"waiting":{"message":"back-off 5m0s restarting failed container=app pod=crash_default(f580c79c-b902-45cb-a3e3-acccd8e5d935)","reason":"CrashLoopBackOff"}}	2026-08-08T09:31:08Z	2026-08-08T09:31:08Z
1786181665.950532000	6	{"waiting":{"message":"back-off 5m0s restarting failed container=app pod=crash_default(f580c79c-b902-45cb-a3e3-acccd8e5d935)","reason":"CrashLoopBackOff"}}	2026-08-08T09:31:08Z	2026-08-08T09:31:08Z
1786181667.004257000	6	{"waiting":{"message":"back-off 5m0s restarting failed container=app pod=crash_default(f580c79c-b902-45cb-a3e3-acccd8e5d935)","reason":"CrashLoopBackOff"}}	2026-08-08T09:31:08Z	2026-08-08T09:31:08Z
1786181668.060893000	6	{"waiting":{"message":"back-off 5m0s restarting failed container=app pod=crash_default(f580c79c-b902-45cb-a3e3-acccd8e5d935)","reason":"CrashLoopBackOff"}}	2026-08-08T09:31:08Z	2026-08-08T09:31:08Z
1786181669.120207000	6	{"waiting":{"message":"back-off 5m0s restarting failed container=app pod=crash_default(f580c79c-b902-45cb-a3e3-acccd8e5d935)","reason":"CrashLoopBackOff"}}	2026-08-08T09:31:08Z	2026-08-08T09:31:08Z
1786181670.165602000	6	{"waiting":{"message":"back-off 5m0s restarting failed container=app pod=crash_default(f580c79c-b902-45cb-a3e3-acccd8e5d935)","reason":"CrashLoopBackOff"}}	2026-08-08T09:31:08Z	2026-08-08T09:31:08Z
1786181671.215750000	6	{"waiting":{"message":"back-off 5m0s restarting failed container=app pod=crash_default(f580c79c-b902-45cb-a3e3-acccd8e5d935)","reason":"CrashLoopBackOff"}}	2026-08-08T09:31:08Z	2026-08-08T09:31:08Z
1786181672.268936000	6	{"waiting":{"message":"back-off 5m0s restarting failed container=app pod=crash_default(f580c79c-b902-45cb-a3e3-acccd8e5d935)","reason":"CrashLoopBackOff"}}	2026-08-08T09:31:08Z	2026-08-08T09:31:08Z
1786181673.321695000	6	{"waiting":{"message":"back-off 5m0s restarting failed container=app pod=crash_default(f580c79c-b902-45cb-a3e3-acccd8e5d935)","reason":"CrashLoopBackOff"}}	2026-08-08T09:31:08Z	2026-08-08T09:31:08Z
1786181674.374911000	6	{"waiting":{"message":"back-off 5m0s restarting failed container=app pod=crash_default(f580c79c-b902-45cb-a3e3-acccd8e5d935)","reason":"CrashLoopBackOff"}}	2026-08-08T09:31:08Z	2026-08-08T09:31:08Z
1786181675.414269000	6	{"waiting":{"message":"back-off 5m0s restarting failed container=app pod=crash_default(f580c79c-b902-45cb-a3e3-acccd8e5d935)","reason":"CrashLoopBackOff"}}	2026-08-08T09:31:08Z	2026-08-08T09:31:08Z
1786181676.453576000	6	{"waiting":{"message":"back-off 5m0s restarting failed container=app pod=crash_default(f580c79c-b902-45cb-a3e3-acccd8e5d935)","reason":"CrashLoopBackOff"}}	2026-08-08T09:31:08Z	2026-08-08T09:31:08Z
1786181677.494888000	6	{"waiting":{"message":"back-off 5m0s restarting failed container=app pod=crash_default(f580c79c-b902-45cb-a3e3-acccd8e5d935)","reason":"CrashLoopBackOff"}}	2026-08-08T09:31:08Z	2026-08-08T09:31:08Z
1786181678.539014000	6	{"waiting":{"message":"back-off 5m0s restarting failed container=app pod=crash_default(f580c79c-b902-45cb-a3e3-acccd8e5d935)","reason":"CrashLoopBackOff"}}	2026-08-08T09:31:08Z	2026-08-08T09:31:08Z
1786181679.581966000	6	{"waiting":{"message":"back-off 5m0s restarting failed container=app pod=crash_default(f580c79c-b902-45cb-a3e3-acccd8e5d935)","reason":"CrashLoopBackOff"}}	2026-08-08T09:31:08Z	2026-08-08T09:31:08Z
1786181680.629107000	6	{"waiting":{"message":"back-off 5m0s restarting failed container=app pod=crash_default(f580c79c-b902-45cb-a3e3-acccd8e5d935)","reason":"CrashLoopBackOff"}}	2026-08-08T09:31:08Z	2026-08-08T09:31:08Z
1786181681.691904000	6	{"waiting":{"message":"back-off 5m0s restarting failed container=app pod=crash_default(f580c79c-b902-45cb-a3e3-acccd8e5d935)","reason":"CrashLoopBackOff"}}	2026-08-08T09:31:08Z	2026-08-08T09:31:08Z
1786181682.753633000	6	{"waiting":{"message":"back-off 5m0s restarting failed container=app pod=crash_default(f580c79c-b902-45cb-a3e3-acccd8e5d935)","reason":"CrashLoopBackOff"}}	2026-08-08T09:31:08Z	2026-08-08T09:31:08Z
1786181683.816950000	6	{"waiting":{"message":"back-off 5m0s restarting failed container=app pod=crash_default(f580c79c-b902-45cb-a3e3-acccd8e5d935)","reason":"CrashLoopBackOff"}}	2026-08-08T09:31:08Z	2026-08-08T09:31:08Z
1786181684.880048000	6	{"waiting":{"message":"back-off 5m0s restarting failed container=app pod=crash_default(f580c79c-b902-45cb-a3e3-acccd8e5d935)","reason":"CrashLoopBackOff"}}	2026-08-08T09:31:08Z	2026-08-08T09:31:08Z
1786181685.944756000	6	{"waiting":{"message":"back-off 5m0s restarting failed container=app pod=crash_default(f580c79c-b902-45cb-a3e3-acccd8e5d935)","reason":"CrashLoopBackOff"}}	2026-08-08T09:31:08Z	2026-08-08T09:31:08Z
1786181687.009771000	6	{"waiting":{"message":"back-off 5m0s restarting failed container=app pod=crash_default(f580c79c-b902-45cb-a3e3-acccd8e5d935)","reason":"CrashLoopBackOff"}}	2026-08-08T09:31:08Z	2026-08-08T09:31:08Z
1786181688.072314000	6	{"waiting":{"message":"back-off 5m0s restarting failed container=app pod=crash_default(f580c79c-b902-45cb-a3e3-acccd8e5d935)","reason":"CrashLoopBackOff"}}	2026-08-08T09:31:08Z	2026-08-08T09:31:08Z
1786181689.135863000	6	{"waiting":{"message":"back-off 5m0s restarting failed container=app pod=crash_default(f580c79c-b902-45cb-a3e3-acccd8e5d935)","reason":"CrashLoopBackOff"}}	2026-08-08T09:31:08Z	2026-08-08T09:31:08Z
1786181690.201642000	6	{"waiting":{"message":"back-off 5m0s restarting failed container=app pod=crash_default(f580c79c-b902-45cb-a3e3-acccd8e5d935)","reason":"CrashLoopBackOff"}}	2026-08-08T09:31:08Z	2026-08-08T09:31:08Z
1786181691.268325000	6	{"waiting":{"message":"back-off 5m0s restarting failed container=app pod=crash_default(f580c79c-b902-45cb-a3e3-acccd8e5d935)","reason":"CrashLoopBackOff"}}	2026-08-08T09:31:08Z	2026-08-08T09:31:08Z
1786181692.332863000	6	{"waiting":{"message":"back-off 5m0s restarting failed container=app pod=crash_default(f580c79c-b902-45cb-a3e3-acccd8e5d935)","reason":"CrashLoopBackOff"}}	2026-08-08T09:31:08Z	2026-08-08T09:31:08Z
1786181693.388376000	6	{"waiting":{"message":"back-off 5m0s restarting failed container=app pod=crash_default(f580c79c-b902-45cb-a3e3-acccd8e5d935)","reason":"CrashLoopBackOff"}}	2026-08-08T09:31:08Z	2026-08-08T09:31:08Z
1786181694.428873000	6	{"waiting":{"message":"back-off 5m0s restarting failed container=app pod=crash_default(f580c79c-b902-45cb-a3e3-acccd8e5d935)","reason":"CrashLoopBackOff"}}	2026-08-08T09:31:08Z	2026-08-08T09:31:08Z
1786181695.475785000	6	{"waiting":{"message":"back-off 5m0s restarting failed container=app pod=crash_default(f580c79c-b902-45cb-a3e3-acccd8e5d935)","reason":"CrashLoopBackOff"}}	2026-08-08T09:31:08Z	2026-08-08T09:31:08Z
1786181696.541998000	6	{"waiting":{"message":"back-off 5m0s restarting failed container=app pod=crash_default(f580c79c-b902-45cb-a3e3-acccd8e5d935)","reason":"CrashLoopBackOff"}}	2026-08-08T09:31:08Z	2026-08-08T09:31:08Z
1786181697.606549000	6	{"waiting":{"message":"back-off 5m0s restarting failed container=app pod=crash_default(f580c79c-b902-45cb-a3e3-acccd8e5d935)","reason":"CrashLoopBackOff"}}	2026-08-08T09:31:08Z	2026-08-08T09:31:08Z
1786181698.671727000	6	{"waiting":{"message":"back-off 5m0s restarting failed container=app pod=crash_default(f580c79c-b902-45cb-a3e3-acccd8e5d935)","reason":"CrashLoopBackOff"}}	2026-08-08T09:31:08Z	2026-08-08T09:31:08Z
1786181699.737794000	6	{"waiting":{"message":"back-off 5m0s restarting failed container=app pod=crash_default(f580c79c-b902-45cb-a3e3-acccd8e5d935)","reason":"CrashLoopBackOff"}}	2026-08-08T09:31:08Z	2026-08-08T09:31:08Z
1786181700.803993000	6	{"waiting":{"message":"back-off 5m0s restarting failed container=app pod=crash_default(f580c79c-b902-45cb-a3e3-acccd8e5d935)","reason":"CrashLoopBackOff"}}	2026-08-08T09:31:08Z	2026-08-08T09:31:08Z
1786181701.870295000	6	{"waiting":{"message":"back-off 5m0s restarting failed container=app pod=crash_default(f580c79c-b902-45cb-a3e3-acccd8e5d935)","reason":"CrashLoopBackOff"}}	2026-08-08T09:31:08Z	2026-08-08T09:31:08Z
1786181702.937177000	6	{"waiting":{"message":"back-off 5m0s restarting failed container=app pod=crash_default(f580c79c-b902-45cb-a3e3-acccd8e5d935)","reason":"CrashLoopBackOff"}}	2026-08-08T09:31:08Z	2026-08-08T09:31:08Z
1786181704.005431000	6	{"waiting":{"message":"back-off 5m0s restarting failed container=app pod=crash_default(f580c79c-b902-45cb-a3e3-acccd8e5d935)","reason":"CrashLoopBackOff"}}	2026-08-08T09:31:08Z	2026-08-08T09:31:08Z
1786181705.070523000	6	{"waiting":{"message":"back-off 5m0s restarting failed container=app pod=crash_default(f580c79c-b902-45cb-a3e3-acccd8e5d935)","reason":"CrashLoopBackOff"}}	2026-08-08T09:31:08Z	2026-08-08T09:31:08Z
1786181706.133899000	6	{"waiting":{"message":"back-off 5m0s restarting failed container=app pod=crash_default(f580c79c-b902-45cb-a3e3-acccd8e5d935)","reason":"CrashLoopBackOff"}}	2026-08-08T09:31:08Z	2026-08-08T09:31:08Z
1786181707.199995000	6	{"waiting":{"message":"back-off 5m0s restarting failed container=app pod=crash_default(f580c79c-b902-45cb-a3e3-acccd8e5d935)","reason":"CrashLoopBackOff"}}	2026-08-08T09:31:08Z	2026-08-08T09:31:08Z
1786181708.266548000	6	{"waiting":{"message":"back-off 5m0s restarting failed container=app pod=crash_default(f580c79c-b902-45cb-a3e3-acccd8e5d935)","reason":"CrashLoopBackOff"}}	2026-08-08T09:31:08Z	2026-08-08T09:31:08Z
1786181709.331631000	6	{"waiting":{"message":"back-off 5m0s restarting failed container=app pod=crash_default(f580c79c-b902-45cb-a3e3-acccd8e5d935)","reason":"CrashLoopBackOff"}}	2026-08-08T09:31:08Z	2026-08-08T09:31:08Z
1786181710.399241000	6	{"waiting":{"message":"back-off 5m0s restarting failed container=app pod=crash_default(f580c79c-b902-45cb-a3e3-acccd8e5d935)","reason":"CrashLoopBackOff"}}	2026-08-08T09:31:08Z	2026-08-08T09:31:08Z
1786181711.462447000	6	{"waiting":{"message":"back-off 5m0s restarting failed container=app pod=crash_default(f580c79c-b902-45cb-a3e3-acccd8e5d935)","reason":"CrashLoopBackOff"}}	2026-08-08T09:31:08Z	2026-08-08T09:31:08Z
1786181712.523189000	6	{"waiting":{"message":"back-off 5m0s restarting failed container=app pod=crash_default(f580c79c-b902-45cb-a3e3-acccd8e5d935)","reason":"CrashLoopBackOff"}}	2026-08-08T09:31:08Z	2026-08-08T09:31:08Z
1786181713.584173000	6	{"waiting":{"message":"back-off 5m0s restarting failed container=app pod=crash_default(f580c79c-b902-45cb-a3e3-acccd8e5d935)","reason":"CrashLoopBackOff"}}	2026-08-08T09:31:08Z	2026-08-08T09:31:08Z
1786181714.649718000	6	{"waiting":{"message":"back-off 5m0s restarting failed container=app pod=crash_default(f580c79c-b902-45cb-a3e3-acccd8e5d935)","reason":"CrashLoopBackOff"}}	2026-08-08T09:31:08Z	2026-08-08T09:31:08Z
1786181715.716130000	6	{"waiting":{"message":"back-off 5m0s restarting failed container=app pod=crash_default(f580c79c-b902-45cb-a3e3-acccd8e5d935)","reason":"CrashLoopBackOff"}}	2026-08-08T09:31:08Z	2026-08-08T09:31:08Z
1786181716.781333000	6	{"waiting":{"message":"back-off 5m0s restarting failed container=app pod=crash_default(f580c79c-b902-45cb-a3e3-acccd8e5d935)","reason":"CrashLoopBackOff"}}	2026-08-08T09:31:08Z	2026-08-08T09:31:08Z
1786181717.846639000	6	{"waiting":{"message":"back-off 5m0s restarting failed container=app pod=crash_default(f580c79c-b902-45cb-a3e3-acccd8e5d935)","reason":"CrashLoopBackOff"}}	2026-08-08T09:31:08Z	2026-08-08T09:31:08Z
1786181718.904105000	6	{"waiting":{"message":"back-off 5m0s restarting failed container=app pod=crash_default(f580c79c-b902-45cb-a3e3-acccd8e5d935)","reason":"CrashLoopBackOff"}}	2026-08-08T09:31:08Z	2026-08-08T09:31:08Z
1786181719.961951000	6	{"waiting":{"message":"back-off 5m0s restarting failed container=app pod=crash_default(f580c79c-b902-45cb-a3e3-acccd8e5d935)","reason":"CrashLoopBackOff"}}	2026-08-08T09:31:08Z	2026-08-08T09:31:08Z
1786181721.020772000	6	{"waiting":{"message":"back-off 5m0s restarting failed container=app pod=crash_default(f580c79c-b902-45cb-a3e3-acccd8e5d935)","reason":"CrashLoopBackOff"}}	2026-08-08T09:31:08Z	2026-08-08T09:31:08Z
1786181722.076080000	6	{"waiting":{"message":"back-off 5m0s restarting failed container=app pod=crash_default(f580c79c-b902-45cb-a3e3-acccd8e5d935)","reason":"CrashLoopBackOff"}}	2026-08-08T09:31:08Z	2026-08-08T09:31:08Z
1786181723.141232000	6	{"waiting":{"message":"back-off 5m0s restarting failed container=app pod=crash_default(f580c79c-b902-45cb-a3e3-acccd8e5d935)","reason":"CrashLoopBackOff"}}	2026-08-08T09:31:08Z	2026-08-08T09:31:08Z
1786181724.208478000	6	{"waiting":{"message":"back-off 5m0s restarting failed container=app pod=crash_default(f580c79c-b902-45cb-a3e3-acccd8e5d935)","reason":"CrashLoopBackOff"}}	2026-08-08T09:31:08Z	2026-08-08T09:31:08Z
1786181725.264551000	6	{"waiting":{"message":"back-off 5m0s restarting failed container=app pod=crash_default(f580c79c-b902-45cb-a3e3-acccd8e5d935)","reason":"CrashLoopBackOff"}}	2026-08-08T09:31:08Z	2026-08-08T09:31:08Z
1786181726.309531000	6	{"waiting":{"message":"back-off 5m0s restarting failed container=app pod=crash_default(f580c79c-b902-45cb-a3e3-acccd8e5d935)","reason":"CrashLoopBackOff"}}	2026-08-08T09:31:08Z	2026-08-08T09:31:08Z
1786181727.368324000	6	{"waiting":{"message":"back-off 5m0s restarting failed container=app pod=crash_default(f580c79c-b902-45cb-a3e3-acccd8e5d935)","reason":"CrashLoopBackOff"}}	2026-08-08T09:31:08Z	2026-08-08T09:31:08Z
1786181728.421132000	6	{"waiting":{"message":"back-off 5m0s restarting failed container=app pod=crash_default(f580c79c-b902-45cb-a3e3-acccd8e5d935)","reason":"CrashLoopBackOff"}}	2026-08-08T09:31:08Z	2026-08-08T09:31:08Z
1786181729.465619000	6	{"waiting":{"message":"back-off 5m0s restarting failed container=app pod=crash_default(f580c79c-b902-45cb-a3e3-acccd8e5d935)","reason":"CrashLoopBackOff"}}	2026-08-08T09:31:08Z	2026-08-08T09:31:08Z
1786181730.507608000	6	{"waiting":{"message":"back-off 5m0s restarting failed container=app pod=crash_default(f580c79c-b902-45cb-a3e3-acccd8e5d935)","reason":"CrashLoopBackOff"}}	2026-08-08T09:31:08Z	2026-08-08T09:31:08Z
1786181731.551875000	6	{"waiting":{"message":"back-off 5m0s restarting failed container=app pod=crash_default(f580c79c-b902-45cb-a3e3-acccd8e5d935)","reason":"CrashLoopBackOff"}}	2026-08-08T09:31:08Z	2026-08-08T09:31:08Z
1786181732.597615000	6	{"waiting":{"message":"back-off 5m0s restarting failed container=app pod=crash_default(f580c79c-b902-45cb-a3e3-acccd8e5d935)","reason":"CrashLoopBackOff"}}	2026-08-08T09:31:08Z	2026-08-08T09:31:08Z
1786181733.641048000	6	{"waiting":{"message":"back-off 5m0s restarting failed container=app pod=crash_default(f580c79c-b902-45cb-a3e3-acccd8e5d935)","reason":"CrashLoopBackOff"}}	2026-08-08T09:31:08Z	2026-08-08T09:31:08Z
1786181734.686933000	6	{"waiting":{"message":"back-off 5m0s restarting failed container=app pod=crash_default(f580c79c-b902-45cb-a3e3-acccd8e5d935)","reason":"CrashLoopBackOff"}}	2026-08-08T09:31:08Z	2026-08-08T09:31:08Z
1786181735.739556000	6	{"waiting":{"message":"back-off 5m0s restarting failed container=app pod=crash_default(f580c79c-b902-45cb-a3e3-acccd8e5d935)","reason":"CrashLoopBackOff"}}	2026-08-08T09:31:08Z	2026-08-08T09:31:08Z
1786181736.801240000	6	{"waiting":{"message":"back-off 5m0s restarting failed container=app pod=crash_default(f580c79c-b902-45cb-a3e3-acccd8e5d935)","reason":"CrashLoopBackOff"}}	2026-08-08T09:31:08Z	2026-08-08T09:31:08Z
1786181737.861741000	6	{"waiting":{"message":"back-off 5m0s restarting failed container=app pod=crash_default(f580c79c-b902-45cb-a3e3-acccd8e5d935)","reason":"CrashLoopBackOff"}}	2026-08-08T09:31:08Z	2026-08-08T09:31:08Z
1786181738.923299000	6	{"waiting":{"message":"back-off 5m0s restarting failed container=app pod=crash_default(f580c79c-b902-45cb-a3e3-acccd8e5d935)","reason":"CrashLoopBackOff"}}	2026-08-08T09:31:08Z	2026-08-08T09:31:08Z
1786181739.983405000	6	{"waiting":{"message":"back-off 5m0s restarting failed container=app pod=crash_default(f580c79c-b902-45cb-a3e3-acccd8e5d935)","reason":"CrashLoopBackOff"}}	2026-08-08T09:31:08Z	2026-08-08T09:31:08Z
1786181741.042636000	6	{"waiting":{"message":"back-off 5m0s restarting failed container=app pod=crash_default(f580c79c-b902-45cb-a3e3-acccd8e5d935)","reason":"CrashLoopBackOff"}}	2026-08-08T09:31:08Z	2026-08-08T09:31:08Z
1786181742.097782000	6	{"waiting":{"message":"back-off 5m0s restarting failed container=app pod=crash_default(f580c79c-b902-45cb-a3e3-acccd8e5d935)","reason":"CrashLoopBackOff"}}	2026-08-08T09:31:08Z	2026-08-08T09:31:08Z
1786181743.159011000	6	{"waiting":{"message":"back-off 5m0s restarting failed container=app pod=crash_default(f580c79c-b902-45cb-a3e3-acccd8e5d935)","reason":"CrashLoopBackOff"}}	2026-08-08T09:31:08Z	2026-08-08T09:31:08Z
1786181744.220651000	6	{"waiting":{"message":"back-off 5m0s restarting failed container=app pod=crash_default(f580c79c-b902-45cb-a3e3-acccd8e5d935)","reason":"CrashLoopBackOff"}}	2026-08-08T09:31:08Z	2026-08-08T09:31:08Z
1786181745.282192000	6	{"waiting":{"message":"back-off 5m0s restarting failed container=app pod=crash_default(f580c79c-b902-45cb-a3e3-acccd8e5d935)","reason":"CrashLoopBackOff"}}	2026-08-08T09:31:08Z	2026-08-08T09:31:08Z
1786181746.341789000	6	{"waiting":{"message":"back-off 5m0s restarting failed container=app pod=crash_default(f580c79c-b902-45cb-a3e3-acccd8e5d935)","reason":"CrashLoopBackOff"}}	2026-08-08T09:31:08Z	2026-08-08T09:31:08Z
1786181747.401373000	6	{"waiting":{"message":"back-off 5m0s restarting failed container=app pod=crash_default(f580c79c-b902-45cb-a3e3-acccd8e5d935)","reason":"CrashLoopBackOff"}}	2026-08-08T09:31:08Z	2026-08-08T09:31:08Z
1786181748.457537000	6	{"waiting":{"message":"back-off 5m0s restarting failed container=app pod=crash_default(f580c79c-b902-45cb-a3e3-acccd8e5d935)","reason":"CrashLoopBackOff"}}	2026-08-08T09:31:08Z	2026-08-08T09:31:08Z
1786181749.506610000	6	{"waiting":{"message":"back-off 5m0s restarting failed container=app pod=crash_default(f580c79c-b902-45cb-a3e3-acccd8e5d935)","reason":"CrashLoopBackOff"}}	2026-08-08T09:31:08Z	2026-08-08T09:31:08Z
1786181750.557494000	6	{"waiting":{"message":"back-off 5m0s restarting failed container=app pod=crash_default(f580c79c-b902-45cb-a3e3-acccd8e5d935)","reason":"CrashLoopBackOff"}}	2026-08-08T09:31:08Z	2026-08-08T09:31:08Z
1786181751.603192000	6	{"waiting":{"message":"back-off 5m0s restarting failed container=app pod=crash_default(f580c79c-b902-45cb-a3e3-acccd8e5d935)","reason":"CrashLoopBackOff"}}	2026-08-08T09:31:08Z	2026-08-08T09:31:08Z
1786181752.660787000	6	{"waiting":{"message":"back-off 5m0s restarting failed container=app pod=crash_default(f580c79c-b902-45cb-a3e3-acccd8e5d935)","reason":"CrashLoopBackOff"}}	2026-08-08T09:31:08Z	2026-08-08T09:31:08Z
1786181753.719229000	6	{"waiting":{"message":"back-off 5m0s restarting failed container=app pod=crash_default(f580c79c-b902-45cb-a3e3-acccd8e5d935)","reason":"CrashLoopBackOff"}}	2026-08-08T09:31:08Z	2026-08-08T09:31:08Z
1786181754.778712000	6	{"waiting":{"message":"back-off 5m0s restarting failed container=app pod=crash_default(f580c79c-b902-45cb-a3e3-acccd8e5d935)","reason":"CrashLoopBackOff"}}	2026-08-08T09:31:08Z	2026-08-08T09:31:08Z
1786181755.836503000	6	{"waiting":{"message":"back-off 5m0s restarting failed container=app pod=crash_default(f580c79c-b902-45cb-a3e3-acccd8e5d935)","reason":"CrashLoopBackOff"}}	2026-08-08T09:31:08Z	2026-08-08T09:31:08Z
1786181756.894837000	6	{"waiting":{"message":"back-off 5m0s restarting failed container=app pod=crash_default(f580c79c-b902-45cb-a3e3-acccd8e5d935)","reason":"CrashLoopBackOff"}}	2026-08-08T09:31:08Z	2026-08-08T09:31:08Z
1786181757.953032000	6	{"waiting":{"message":"back-off 5m0s restarting failed container=app pod=crash_default(f580c79c-b902-45cb-a3e3-acccd8e5d935)","reason":"CrashLoopBackOff"}}	2026-08-08T09:31:08Z	2026-08-08T09:31:08Z
1786181759.000321000	6	{"waiting":{"message":"back-off 5m0s restarting failed container=app pod=crash_default(f580c79c-b902-45cb-a3e3-acccd8e5d935)","reason":"CrashLoopBackOff"}}	2026-08-08T09:31:08Z	2026-08-08T09:31:08Z
1786181760.055428000	6	{"waiting":{"message":"back-off 5m0s restarting failed container=app pod=crash_default(f580c79c-b902-45cb-a3e3-acccd8e5d935)","reason":"CrashLoopBackOff"}}	2026-08-08T09:31:08Z	2026-08-08T09:31:08Z
1786181761.106088000	6	{"waiting":{"message":"back-off 5m0s restarting failed container=app pod=crash_default(f580c79c-b902-45cb-a3e3-acccd8e5d935)","reason":"CrashLoopBackOff"}}	2026-08-08T09:31:08Z	2026-08-08T09:31:08Z
1786181762.160442000	6	{"waiting":{"message":"back-off 5m0s restarting failed container=app pod=crash_default(f580c79c-b902-45cb-a3e3-acccd8e5d935)","reason":"CrashLoopBackOff"}}	2026-08-08T09:31:08Z	2026-08-08T09:31:08Z
1786181763.218320000	6	{"waiting":{"message":"back-off 5m0s restarting failed container=app pod=crash_default(f580c79c-b902-45cb-a3e3-acccd8e5d935)","reason":"CrashLoopBackOff"}}	2026-08-08T09:31:08Z	2026-08-08T09:31:08Z
1786181764.273706000	6	{"waiting":{"message":"back-off 5m0s restarting failed container=app pod=crash_default(f580c79c-b902-45cb-a3e3-acccd8e5d935)","reason":"CrashLoopBackOff"}}	2026-08-08T09:31:08Z	2026-08-08T09:31:08Z
1786181765.335182000	6	{"waiting":{"message":"back-off 5m0s restarting failed container=app pod=crash_default(f580c79c-b902-45cb-a3e3-acccd8e5d935)","reason":"CrashLoopBackOff"}}	2026-08-08T09:31:08Z	2026-08-08T09:31:08Z
1786181766.389033000	6	{"waiting":{"message":"back-off 5m0s restarting failed container=app pod=crash_default(f580c79c-b902-45cb-a3e3-acccd8e5d935)","reason":"CrashLoopBackOff"}}	2026-08-08T09:31:08Z	2026-08-08T09:31:08Z
1786181767.435624000	6	{"waiting":{"message":"back-off 5m0s restarting failed container=app pod=crash_default(f580c79c-b902-45cb-a3e3-acccd8e5d935)","reason":"CrashLoopBackOff"}}	2026-08-08T09:31:08Z	2026-08-08T09:31:08Z
1786181768.486113000	6	{"waiting":{"message":"back-off 5m0s restarting failed container=app pod=crash_default(f580c79c-b902-45cb-a3e3-acccd8e5d935)","reason":"CrashLoopBackOff"}}	2026-08-08T09:31:08Z	2026-08-08T09:31:08Z
1786181769.545203000	6	{"waiting":{"message":"back-off 5m0s restarting failed container=app pod=crash_default(f580c79c-b902-45cb-a3e3-acccd8e5d935)","reason":"CrashLoopBackOff"}}	2026-08-08T09:31:08Z	2026-08-08T09:31:08Z
1786181770.602962000	6	{"waiting":{"message":"back-off 5m0s restarting failed container=app pod=crash_default(f580c79c-b902-45cb-a3e3-acccd8e5d935)","reason":"CrashLoopBackOff"}}	2026-08-08T09:31:08Z	2026-08-08T09:31:08Z
1786181771.648415000	6	{"waiting":{"message":"back-off 5m0s restarting failed container=app pod=crash_default(f580c79c-b902-45cb-a3e3-acccd8e5d935)","reason":"CrashLoopBackOff"}}	2026-08-08T09:31:08Z	2026-08-08T09:31:08Z
1786181772.707347000	6	{"waiting":{"message":"back-off 5m0s restarting failed container=app pod=crash_default(f580c79c-b902-45cb-a3e3-acccd8e5d935)","reason":"CrashLoopBackOff"}}	2026-08-08T09:31:08Z	2026-08-08T09:31:08Z
1786181773.765346000	7	{"running":{"startedAt":"2026-08-08T09:36:13Z"}}	2026-08-08T09:31:08Z	2026-08-08T09:31:08Z
1786181774.823434000	7	{"terminated":{"containerID":"containerd://59668f4c25b421d0dd78f84cdc1a233f075ac37c9fb5523e9a75f1952ec6a44f","exitCode":1,"finishedAt":"2026-08-08T09:36:13Z","reason":"Error","startedAt":"2026-08-08T09:36:13Z"}}	2026-08-08T09:31:08Z	2026-08-08T09:31:08Z
1786181775.875992000	7	{"terminated":{"containerID":"containerd://59668f4c25b421d0dd78f84cdc1a233f075ac37c9fb5523e9a75f1952ec6a44f","exitCode":1,"finishedAt":"2026-08-08T09:36:13Z","reason":"Error","startedAt":"2026-08-08T09:36:13Z"}}	2026-08-08T09:31:08Z	2026-08-08T09:31:08Z
1786181776.917898000	7	{"terminated":{"containerID":"containerd://59668f4c25b421d0dd78f84cdc1a233f075ac37c9fb5523e9a75f1952ec6a44f","exitCode":1,"finishedAt":"2026-08-08T09:36:13Z","reason":"Error","startedAt":"2026-08-08T09:36:13Z"}}	2026-08-08T09:31:08Z	2026-08-08T09:31:08Z
1786181777.969165000	7	{"terminated":{"containerID":"containerd://59668f4c25b421d0dd78f84cdc1a233f075ac37c9fb5523e9a75f1952ec6a44f","exitCode":1,"finishedAt":"2026-08-08T09:36:13Z","reason":"Error","startedAt":"2026-08-08T09:36:13Z"}}	2026-08-08T09:31:08Z	2026-08-08T09:31:08Z
1786181779.010944000	7	{"terminated":{"containerID":"containerd://59668f4c25b421d0dd78f84cdc1a233f075ac37c9fb5523e9a75f1952ec6a44f","exitCode":1,"finishedAt":"2026-08-08T09:36:13Z","reason":"Error","startedAt":"2026-08-08T09:36:13Z"}}	2026-08-08T09:31:08Z	2026-08-08T09:31:08Z
1786181780.060010000	7	{"terminated":{"containerID":"containerd://59668f4c25b421d0dd78f84cdc1a233f075ac37c9fb5523e9a75f1952ec6a44f","exitCode":1,"finishedAt":"2026-08-08T09:36:13Z","reason":"Error","startedAt":"2026-08-08T09:36:13Z"}}	2026-08-08T09:31:08Z	2026-08-08T09:31:08Z
1786181781.096015000	7	{"terminated":{"containerID":"containerd://59668f4c25b421d0dd78f84cdc1a233f075ac37c9fb5523e9a75f1952ec6a44f","exitCode":1,"finishedAt":"2026-08-08T09:36:13Z","reason":"Error","startedAt":"2026-08-08T09:36:13Z"}}	2026-08-08T09:31:08Z	2026-08-08T09:31:08Z
1786181782.137541000	7	{"terminated":{"containerID":"containerd://59668f4c25b421d0dd78f84cdc1a233f075ac37c9fb5523e9a75f1952ec6a44f","exitCode":1,"finishedAt":"2026-08-08T09:36:13Z","reason":"Error","startedAt":"2026-08-08T09:36:13Z"}}	2026-08-08T09:31:08Z	2026-08-08T09:31:08Z
1786181783.183142000	7	{"terminated":{"containerID":"containerd://59668f4c25b421d0dd78f84cdc1a233f075ac37c9fb5523e9a75f1952ec6a44f","exitCode":1,"finishedAt":"2026-08-08T09:36:13Z","reason":"Error","startedAt":"2026-08-08T09:36:13Z"}}	2026-08-08T09:31:08Z	2026-08-08T09:31:08Z
1786181784.234537000	7	{"terminated":{"containerID":"containerd://59668f4c25b421d0dd78f84cdc1a233f075ac37c9fb5523e9a75f1952ec6a44f","exitCode":1,"finishedAt":"2026-08-08T09:36:13Z","reason":"Error","startedAt":"2026-08-08T09:36:13Z"}}	2026-08-08T09:31:08Z	2026-08-08T09:31:08Z
1786181785.283675000	7	{"terminated":{"containerID":"containerd://59668f4c25b421d0dd78f84cdc1a233f075ac37c9fb5523e9a75f1952ec6a44f","exitCode":1,"finishedAt":"2026-08-08T09:36:13Z","reason":"Error","startedAt":"2026-08-08T09:36:13Z"}}	2026-08-08T09:31:08Z	2026-08-08T09:31:08Z
1786181786.337749000	7	{"terminated":{"containerID":"containerd://59668f4c25b421d0dd78f84cdc1a233f075ac37c9fb5523e9a75f1952ec6a44f","exitCode":1,"finishedAt":"2026-08-08T09:36:13Z","reason":"Error","startedAt":"2026-08-08T09:36:13Z"}}	2026-08-08T09:31:08Z	2026-08-08T09:31:08Z
1786181787.385571000	7	{"terminated":{"containerID":"containerd://59668f4c25b421d0dd78f84cdc1a233f075ac37c9fb5523e9a75f1952ec6a44f","exitCode":1,"finishedAt":"2026-08-08T09:36:13Z","reason":"Error","startedAt":"2026-08-08T09:36:13Z"}}	2026-08-08T09:31:08Z	2026-08-08T09:31:08Z
1786181788.434051000	7	{"terminated":{"containerID":"containerd://59668f4c25b421d0dd78f84cdc1a233f075ac37c9fb5523e9a75f1952ec6a44f","exitCode":1,"finishedAt":"2026-08-08T09:36:13Z","reason":"Error","startedAt":"2026-08-08T09:36:13Z"}}	2026-08-08T09:31:08Z	2026-08-08T09:31:08Z
1786181789.473472000	7	{"terminated":{"containerID":"containerd://59668f4c25b421d0dd78f84cdc1a233f075ac37c9fb5523e9a75f1952ec6a44f","exitCode":1,"finishedAt":"2026-08-08T09:36:13Z","reason":"Error","startedAt":"2026-08-08T09:36:13Z"}}	2026-08-08T09:31:08Z	2026-08-08T09:31:08Z
1786181790.520916000	7	{"terminated":{"containerID":"containerd://59668f4c25b421d0dd78f84cdc1a233f075ac37c9fb5523e9a75f1952ec6a44f","exitCode":1,"finishedAt":"2026-08-08T09:36:13Z","reason":"Error","startedAt":"2026-08-08T09:36:13Z"}}	2026-08-08T09:31:08Z	2026-08-08T09:31:08Z
1786181791.561148000	7	{"terminated":{"containerID":"containerd://59668f4c25b421d0dd78f84cdc1a233f075ac37c9fb5523e9a75f1952ec6a44f","exitCode":1,"finishedAt":"2026-08-08T09:36:13Z","reason":"Error","startedAt":"2026-08-08T09:36:13Z"}}	2026-08-08T09:31:08Z	2026-08-08T09:31:08Z
1786181792.608465000	7	{"terminated":{"containerID":"containerd://59668f4c25b421d0dd78f84cdc1a233f075ac37c9fb5523e9a75f1952ec6a44f","exitCode":1,"finishedAt":"2026-08-08T09:36:13Z","reason":"Error","startedAt":"2026-08-08T09:36:13Z"}}	2026-08-08T09:31:08Z	2026-08-08T09:31:08Z
1786181793.658339000	7	{"terminated":{"containerID":"containerd://59668f4c25b421d0dd78f84cdc1a233f075ac37c9fb5523e9a75f1952ec6a44f","exitCode":1,"finishedAt":"2026-08-08T09:36:13Z","reason":"Error","startedAt":"2026-08-08T09:36:13Z"}}	2026-08-08T09:31:08Z	2026-08-08T09:31:08Z
1786181794.719818000	7	{"terminated":{"containerID":"containerd://59668f4c25b421d0dd78f84cdc1a233f075ac37c9fb5523e9a75f1952ec6a44f","exitCode":1,"finishedAt":"2026-08-08T09:36:13Z","reason":"Error","startedAt":"2026-08-08T09:36:13Z"}}	2026-08-08T09:31:08Z	2026-08-08T09:31:08Z
1786181795.771013000	7	{"terminated":{"containerID":"containerd://59668f4c25b421d0dd78f84cdc1a233f075ac37c9fb5523e9a75f1952ec6a44f","exitCode":1,"finishedAt":"2026-08-08T09:36:13Z","reason":"Error","startedAt":"2026-08-08T09:36:13Z"}}	2026-08-08T09:31:08Z	2026-08-08T09:31:08Z
1786181796.814008000	7	{"terminated":{"containerID":"containerd://59668f4c25b421d0dd78f84cdc1a233f075ac37c9fb5523e9a75f1952ec6a44f","exitCode":1,"finishedAt":"2026-08-08T09:36:13Z","reason":"Error","startedAt":"2026-08-08T09:36:13Z"}}	2026-08-08T09:31:08Z	2026-08-08T09:31:08Z
1786181797.877346000	7	{"terminated":{"containerID":"containerd://59668f4c25b421d0dd78f84cdc1a233f075ac37c9fb5523e9a75f1952ec6a44f","exitCode":1,"finishedAt":"2026-08-08T09:36:13Z","reason":"Error","startedAt":"2026-08-08T09:36:13Z"}}	2026-08-08T09:31:08Z	2026-08-08T09:31:08Z
1786181798.930909000	7	{"terminated":{"containerID":"containerd://59668f4c25b421d0dd78f84cdc1a233f075ac37c9fb5523e9a75f1952ec6a44f","exitCode":1,"finishedAt":"2026-08-08T09:36:13Z","reason":"Error","startedAt":"2026-08-08T09:36:13Z"}}	2026-08-08T09:31:08Z	2026-08-08T09:31:08Z
1786181799.975576000	7	{"terminated":{"containerID":"containerd://59668f4c25b421d0dd78f84cdc1a233f075ac37c9fb5523e9a75f1952ec6a44f","exitCode":1,"finishedAt":"2026-08-08T09:36:13Z","reason":"Error","startedAt":"2026-08-08T09:36:13Z"}}	2026-08-08T09:31:08Z	2026-08-08T09:31:08Z
1786181801.019260000	7	{"terminated":{"containerID":"containerd://59668f4c25b421d0dd78f84cdc1a233f075ac37c9fb5523e9a75f1952ec6a44f","exitCode":1,"finishedAt":"2026-08-08T09:36:13Z","reason":"Error","startedAt":"2026-08-08T09:36:13Z"}}	2026-08-08T09:31:08Z	2026-08-08T09:31:08Z
1786181802.066823000	7	{"terminated":{"containerID":"containerd://59668f4c25b421d0dd78f84cdc1a233f075ac37c9fb5523e9a75f1952ec6a44f","exitCode":1,"finishedAt":"2026-08-08T09:36:13Z","reason":"Error","startedAt":"2026-08-08T09:36:13Z"}}	2026-08-08T09:31:08Z	2026-08-08T09:31:08Z
1786181803.125799000	7	{"terminated":{"containerID":"containerd://59668f4c25b421d0dd78f84cdc1a233f075ac37c9fb5523e9a75f1952ec6a44f","exitCode":1,"finishedAt":"2026-08-08T09:36:13Z","reason":"Error","startedAt":"2026-08-08T09:36:13Z"}}	2026-08-08T09:31:08Z	2026-08-08T09:31:08Z
1786181804.185628000	7	{"terminated":{"containerID":"containerd://59668f4c25b421d0dd78f84cdc1a233f075ac37c9fb5523e9a75f1952ec6a44f","exitCode":1,"finishedAt":"2026-08-08T09:36:13Z","reason":"Error","startedAt":"2026-08-08T09:36:13Z"}}	2026-08-08T09:31:08Z	2026-08-08T09:31:08Z
1786181805.242601000	7	{"terminated":{"containerID":"containerd://59668f4c25b421d0dd78f84cdc1a233f075ac37c9fb5523e9a75f1952ec6a44f","exitCode":1,"finishedAt":"2026-08-08T09:36:13Z","reason":"Error","startedAt":"2026-08-08T09:36:13Z"}}	2026-08-08T09:31:08Z	2026-08-08T09:31:08Z
1786181806.300632000	7	{"terminated":{"containerID":"containerd://59668f4c25b421d0dd78f84cdc1a233f075ac37c9fb5523e9a75f1952ec6a44f","exitCode":1,"finishedAt":"2026-08-08T09:36:13Z","reason":"Error","startedAt":"2026-08-08T09:36:13Z"}}	2026-08-08T09:31:08Z	2026-08-08T09:31:08Z
1786181807.358884000	7	{"terminated":{"containerID":"containerd://59668f4c25b421d0dd78f84cdc1a233f075ac37c9fb5523e9a75f1952ec6a44f","exitCode":1,"finishedAt":"2026-08-08T09:36:13Z","reason":"Error","startedAt":"2026-08-08T09:36:13Z"}}	2026-08-08T09:31:08Z	2026-08-08T09:31:08Z
1786181808.419665000	7	{"terminated":{"containerID":"containerd://59668f4c25b421d0dd78f84cdc1a233f075ac37c9fb5523e9a75f1952ec6a44f","exitCode":1,"finishedAt":"2026-08-08T09:36:13Z","reason":"Error","startedAt":"2026-08-08T09:36:13Z"}}	2026-08-08T09:31:08Z	2026-08-08T09:31:08Z
1786181809.477546000	7	{"terminated":{"containerID":"containerd://59668f4c25b421d0dd78f84cdc1a233f075ac37c9fb5523e9a75f1952ec6a44f","exitCode":1,"finishedAt":"2026-08-08T09:36:13Z","reason":"Error","startedAt":"2026-08-08T09:36:13Z"}}	2026-08-08T09:31:08Z	2026-08-08T09:31:08Z
1786181810.519756000	7	{"terminated":{"containerID":"containerd://59668f4c25b421d0dd78f84cdc1a233f075ac37c9fb5523e9a75f1952ec6a44f","exitCode":1,"finishedAt":"2026-08-08T09:36:13Z","reason":"Error","startedAt":"2026-08-08T09:36:13Z"}}	2026-08-08T09:31:08Z	2026-08-08T09:31:08Z
1786181811.560812000	7	{"terminated":{"containerID":"containerd://59668f4c25b421d0dd78f84cdc1a233f075ac37c9fb5523e9a75f1952ec6a44f","exitCode":1,"finishedAt":"2026-08-08T09:36:13Z","reason":"Error","startedAt":"2026-08-08T09:36:13Z"}}	2026-08-08T09:31:08Z	2026-08-08T09:31:08Z
1786181812.610272000	7	{"terminated":{"containerID":"containerd://59668f4c25b421d0dd78f84cdc1a233f075ac37c9fb5523e9a75f1952ec6a44f","exitCode":1,"finishedAt":"2026-08-08T09:36:13Z","reason":"Error","startedAt":"2026-08-08T09:36:13Z"}}	2026-08-08T09:31:08Z	2026-08-08T09:31:08Z
1786181813.664138000	7	{"terminated":{"containerID":"containerd://59668f4c25b421d0dd78f84cdc1a233f075ac37c9fb5523e9a75f1952ec6a44f","exitCode":1,"finishedAt":"2026-08-08T09:36:13Z","reason":"Error","startedAt":"2026-08-08T09:36:13Z"}}	2026-08-08T09:31:08Z	2026-08-08T09:31:08Z
1786181814.717468000	7	{"terminated":{"containerID":"containerd://59668f4c25b421d0dd78f84cdc1a233f075ac37c9fb5523e9a75f1952ec6a44f","exitCode":1,"finishedAt":"2026-08-08T09:36:13Z","reason":"Error","startedAt":"2026-08-08T09:36:13Z"}}	2026-08-08T09:31:08Z	2026-08-08T09:31:08Z
1786181815.768874000	7	{"terminated":{"containerID":"containerd://59668f4c25b421d0dd78f84cdc1a233f075ac37c9fb5523e9a75f1952ec6a44f","exitCode":1,"finishedAt":"2026-08-08T09:36:13Z","reason":"Error","startedAt":"2026-08-08T09:36:13Z"}}	2026-08-08T09:31:08Z	2026-08-08T09:31:08Z
1786181816.830455000	7	{"terminated":{"containerID":"containerd://59668f4c25b421d0dd78f84cdc1a233f075ac37c9fb5523e9a75f1952ec6a44f","exitCode":1,"finishedAt":"2026-08-08T09:36:13Z","reason":"Error","startedAt":"2026-08-08T09:36:13Z"}}	2026-08-08T09:31:08Z	2026-08-08T09:31:08Z
1786181817.892876000	7	{"terminated":{"containerID":"containerd://59668f4c25b421d0dd78f84cdc1a233f075ac37c9fb5523e9a75f1952ec6a44f","exitCode":1,"finishedAt":"2026-08-08T09:36:13Z","reason":"Error","startedAt":"2026-08-08T09:36:13Z"}}	2026-08-08T09:31:08Z	2026-08-08T09:31:08Z
1786181818.951961000	7	{"terminated":{"containerID":"containerd://59668f4c25b421d0dd78f84cdc1a233f075ac37c9fb5523e9a75f1952ec6a44f","exitCode":1,"finishedAt":"2026-08-08T09:36:13Z","reason":"Error","startedAt":"2026-08-08T09:36:13Z"}}	2026-08-08T09:31:08Z	2026-08-08T09:31:08Z
1786181820.007294000	7	{"terminated":{"containerID":"containerd://59668f4c25b421d0dd78f84cdc1a233f075ac37c9fb5523e9a75f1952ec6a44f","exitCode":1,"finishedAt":"2026-08-08T09:36:13Z","reason":"Error","startedAt":"2026-08-08T09:36:13Z"}}	2026-08-08T09:31:08Z	2026-08-08T09:31:08Z
1786181821.059704000	7	{"terminated":{"containerID":"containerd://59668f4c25b421d0dd78f84cdc1a233f075ac37c9fb5523e9a75f1952ec6a44f","exitCode":1,"finishedAt":"2026-08-08T09:36:13Z","reason":"Error","startedAt":"2026-08-08T09:36:13Z"}}	2026-08-08T09:31:08Z	2026-08-08T09:31:08Z
1786181822.111399000	7	{"terminated":{"containerID":"containerd://59668f4c25b421d0dd78f84cdc1a233f075ac37c9fb5523e9a75f1952ec6a44f","exitCode":1,"finishedAt":"2026-08-08T09:36:13Z","reason":"Error","startedAt":"2026-08-08T09:36:13Z"}}	2026-08-08T09:31:08Z	2026-08-08T09:31:08Z
1786181823.164998000	7	{"terminated":{"containerID":"containerd://59668f4c25b421d0dd78f84cdc1a233f075ac37c9fb5523e9a75f1952ec6a44f","exitCode":1,"finishedAt":"2026-08-08T09:36:13Z","reason":"Error","startedAt":"2026-08-08T09:36:13Z"}}	2026-08-08T09:31:08Z	2026-08-08T09:31:08Z
1786181824.207894000	7	{"terminated":{"containerID":"containerd://59668f4c25b421d0dd78f84cdc1a233f075ac37c9fb5523e9a75f1952ec6a44f","exitCode":1,"finishedAt":"2026-08-08T09:36:13Z","reason":"Error","startedAt":"2026-08-08T09:36:13Z"}}	2026-08-08T09:31:08Z	2026-08-08T09:31:08Z
1786181825.262134000	7	{"terminated":{"containerID":"containerd://59668f4c25b421d0dd78f84cdc1a233f075ac37c9fb5523e9a75f1952ec6a44f","exitCode":1,"finishedAt":"2026-08-08T09:36:13Z","reason":"Error","startedAt":"2026-08-08T09:36:13Z"}}	2026-08-08T09:31:08Z	2026-08-08T09:31:08Z
1786181826.308013000	7	{"terminated":{"containerID":"containerd://59668f4c25b421d0dd78f84cdc1a233f075ac37c9fb5523e9a75f1952ec6a44f","exitCode":1,"finishedAt":"2026-08-08T09:36:13Z","reason":"Error","startedAt":"2026-08-08T09:36:13Z"}}	2026-08-08T09:31:08Z	2026-08-08T09:31:08Z
1786181827.359775000	7	{"terminated":{"containerID":"containerd://59668f4c25b421d0dd78f84cdc1a233f075ac37c9fb5523e9a75f1952ec6a44f","exitCode":1,"finishedAt":"2026-08-08T09:36:13Z","reason":"Error","startedAt":"2026-08-08T09:36:13Z"}}	2026-08-08T09:31:08Z	2026-08-08T09:31:08Z
1786181828.405024000	7	{"terminated":{"containerID":"containerd://59668f4c25b421d0dd78f84cdc1a233f075ac37c9fb5523e9a75f1952ec6a44f","exitCode":1,"finishedAt":"2026-08-08T09:36:13Z","reason":"Error","startedAt":"2026-08-08T09:36:13Z"}}	2026-08-08T09:31:08Z	2026-08-08T09:31:08Z
1786181829.459533000	7	{"terminated":{"containerID":"containerd://59668f4c25b421d0dd78f84cdc1a233f075ac37c9fb5523e9a75f1952ec6a44f","exitCode":1,"finishedAt":"2026-08-08T09:36:13Z","reason":"Error","startedAt":"2026-08-08T09:36:13Z"}}	2026-08-08T09:31:08Z	2026-08-08T09:31:08Z
1786181830.499715000	7	{"terminated":{"containerID":"containerd://59668f4c25b421d0dd78f84cdc1a233f075ac37c9fb5523e9a75f1952ec6a44f","exitCode":1,"finishedAt":"2026-08-08T09:36:13Z","reason":"Error","startedAt":"2026-08-08T09:36:13Z"}}	2026-08-08T09:31:08Z	2026-08-08T09:31:08Z
1786181831.554717000	7	{"terminated":{"containerID":"containerd://59668f4c25b421d0dd78f84cdc1a233f075ac37c9fb5523e9a75f1952ec6a44f","exitCode":1,"finishedAt":"2026-08-08T09:36:13Z","reason":"Error","startedAt":"2026-08-08T09:36:13Z"}}	2026-08-08T09:31:08Z	2026-08-08T09:31:08Z
1786181832.604689000	7	{"terminated":{"containerID":"containerd://59668f4c25b421d0dd78f84cdc1a233f075ac37c9fb5523e9a75f1952ec6a44f","exitCode":1,"finishedAt":"2026-08-08T09:36:13Z","reason":"Error","startedAt":"2026-08-08T09:36:13Z"}}	2026-08-08T09:31:08Z	2026-08-08T09:31:08Z
1786181833.659681000	7	{"terminated":{"containerID":"containerd://59668f4c25b421d0dd78f84cdc1a233f075ac37c9fb5523e9a75f1952ec6a44f","exitCode":1,"finishedAt":"2026-08-08T09:36:13Z","reason":"Error","startedAt":"2026-08-08T09:36:13Z"}}	2026-08-08T09:31:08Z	2026-08-08T09:31:08Z
1786181834.710142000	7	{"terminated":{"containerID":"containerd://59668f4c25b421d0dd78f84cdc1a233f075ac37c9fb5523e9a75f1952ec6a44f","exitCode":1,"finishedAt":"2026-08-08T09:36:13Z","reason":"Error","startedAt":"2026-08-08T09:36:13Z"}}	2026-08-08T09:31:08Z	2026-08-08T09:31:08Z
1786181835.767564000	7	{"terminated":{"containerID":"containerd://59668f4c25b421d0dd78f84cdc1a233f075ac37c9fb5523e9a75f1952ec6a44f","exitCode":1,"finishedAt":"2026-08-08T09:36:13Z","reason":"Error","startedAt":"2026-08-08T09:36:13Z"}}	2026-08-08T09:31:08Z	2026-08-08T09:31:08Z
1786181836.815825000	7	{"terminated":{"containerID":"containerd://59668f4c25b421d0dd78f84cdc1a233f075ac37c9fb5523e9a75f1952ec6a44f","exitCode":1,"finishedAt":"2026-08-08T09:36:13Z","reason":"Error","startedAt":"2026-08-08T09:36:13Z"}}	2026-08-08T09:31:08Z	2026-08-08T09:31:08Z
1786181837.866959000	7	{"terminated":{"containerID":"containerd://59668f4c25b421d0dd78f84cdc1a233f075ac37c9fb5523e9a75f1952ec6a44f","exitCode":1,"finishedAt":"2026-08-08T09:36:13Z","reason":"Error","startedAt":"2026-08-08T09:36:13Z"}}	2026-08-08T09:31:08Z	2026-08-08T09:31:08Z
1786181838.917697000	7	{"terminated":{"containerID":"containerd://59668f4c25b421d0dd78f84cdc1a233f075ac37c9fb5523e9a75f1952ec6a44f","exitCode":1,"finishedAt":"2026-08-08T09:36:13Z","reason":"Error","startedAt":"2026-08-08T09:36:13Z"}}	2026-08-08T09:31:08Z	2026-08-08T09:31:08Z
1786181839.973592000	7	{"terminated":{"containerID":"containerd://59668f4c25b421d0dd78f84cdc1a233f075ac37c9fb5523e9a75f1952ec6a44f","exitCode":1,"finishedAt":"2026-08-08T09:36:13Z","reason":"Error","startedAt":"2026-08-08T09:36:13Z"}}	2026-08-08T09:31:08Z	2026-08-08T09:31:08Z
1786181841.025412000	7	{"terminated":{"containerID":"containerd://59668f4c25b421d0dd78f84cdc1a233f075ac37c9fb5523e9a75f1952ec6a44f","exitCode":1,"finishedAt":"2026-08-08T09:36:13Z","reason":"Error","startedAt":"2026-08-08T09:36:13Z"}}	2026-08-08T09:31:08Z	2026-08-08T09:31:08Z
1786181842.085803000	7	{"terminated":{"containerID":"containerd://59668f4c25b421d0dd78f84cdc1a233f075ac37c9fb5523e9a75f1952ec6a44f","exitCode":1,"finishedAt":"2026-08-08T09:36:13Z","reason":"Error","startedAt":"2026-08-08T09:36:13Z"}}	2026-08-08T09:31:08Z	2026-08-08T09:31:08Z
1786181843.143287000	7	{"terminated":{"containerID":"containerd://59668f4c25b421d0dd78f84cdc1a233f075ac37c9fb5523e9a75f1952ec6a44f","exitCode":1,"finishedAt":"2026-08-08T09:36:13Z","reason":"Error","startedAt":"2026-08-08T09:36:13Z"}}	2026-08-08T09:31:08Z	2026-08-08T09:31:08Z
1786181844.199925000	7	{"terminated":{"containerID":"containerd://59668f4c25b421d0dd78f84cdc1a233f075ac37c9fb5523e9a75f1952ec6a44f","exitCode":1,"finishedAt":"2026-08-08T09:36:13Z","reason":"Error","startedAt":"2026-08-08T09:36:13Z"}}	2026-08-08T09:31:08Z	2026-08-08T09:31:08Z
1786181845.259492000	7	{"terminated":{"containerID":"containerd://59668f4c25b421d0dd78f84cdc1a233f075ac37c9fb5523e9a75f1952ec6a44f","exitCode":1,"finishedAt":"2026-08-08T09:36:13Z","reason":"Error","startedAt":"2026-08-08T09:36:13Z"}}	2026-08-08T09:31:08Z	2026-08-08T09:31:08Z
1786181846.319730000	7	{"terminated":{"containerID":"containerd://59668f4c25b421d0dd78f84cdc1a233f075ac37c9fb5523e9a75f1952ec6a44f","exitCode":1,"finishedAt":"2026-08-08T09:36:13Z","reason":"Error","startedAt":"2026-08-08T09:36:13Z"}}	2026-08-08T09:31:08Z	2026-08-08T09:31:08Z
1786181847.375678000	7	{"terminated":{"containerID":"containerd://59668f4c25b421d0dd78f84cdc1a233f075ac37c9fb5523e9a75f1952ec6a44f","exitCode":1,"finishedAt":"2026-08-08T09:36:13Z","reason":"Error","startedAt":"2026-08-08T09:36:13Z"}}	2026-08-08T09:31:08Z	2026-08-08T09:31:08Z
1786181848.435217000	7	{"terminated":{"containerID":"containerd://59668f4c25b421d0dd78f84cdc1a233f075ac37c9fb5523e9a75f1952ec6a44f","exitCode":1,"finishedAt":"2026-08-08T09:36:13Z","reason":"Error","startedAt":"2026-08-08T09:36:13Z"}}	2026-08-08T09:31:08Z	2026-08-08T09:31:08Z
1786181849.491309000	7	{"terminated":{"containerID":"containerd://59668f4c25b421d0dd78f84cdc1a233f075ac37c9fb5523e9a75f1952ec6a44f","exitCode":1,"finishedAt":"2026-08-08T09:36:13Z","reason":"Error","startedAt":"2026-08-08T09:36:13Z"}}	2026-08-08T09:31:08Z	2026-08-08T09:31:08Z
1786181850.533040000	7	{"terminated":{"containerID":"containerd://59668f4c25b421d0dd78f84cdc1a233f075ac37c9fb5523e9a75f1952ec6a44f","exitCode":1,"finishedAt":"2026-08-08T09:36:13Z","reason":"Error","startedAt":"2026-08-08T09:36:13Z"}}	2026-08-08T09:31:08Z	2026-08-08T09:31:08Z
1786181851.575050000	7	{"terminated":{"containerID":"containerd://59668f4c25b421d0dd78f84cdc1a233f075ac37c9fb5523e9a75f1952ec6a44f","exitCode":1,"finishedAt":"2026-08-08T09:36:13Z","reason":"Error","startedAt":"2026-08-08T09:36:13Z"}}	2026-08-08T09:31:08Z	2026-08-08T09:31:08Z
1786181852.633437000	7	{"terminated":{"containerID":"containerd://59668f4c25b421d0dd78f84cdc1a233f075ac37c9fb5523e9a75f1952ec6a44f","exitCode":1,"finishedAt":"2026-08-08T09:36:13Z","reason":"Error","startedAt":"2026-08-08T09:36:13Z"}}	2026-08-08T09:31:08Z	2026-08-08T09:31:08Z
1786181853.692252000	7	{"terminated":{"containerID":"containerd://59668f4c25b421d0dd78f84cdc1a233f075ac37c9fb5523e9a75f1952ec6a44f","exitCode":1,"finishedAt":"2026-08-08T09:36:13Z","reason":"Error","startedAt":"2026-08-08T09:36:13Z"}}	2026-08-08T09:31:08Z	2026-08-08T09:31:08Z
1786181854.747790000	7	{"terminated":{"containerID":"containerd://59668f4c25b421d0dd78f84cdc1a233f075ac37c9fb5523e9a75f1952ec6a44f","exitCode":1,"finishedAt":"2026-08-08T09:36:13Z","reason":"Error","startedAt":"2026-08-08T09:36:13Z"}}	2026-08-08T09:31:08Z	2026-08-08T09:31:08Z
1786181855.807172000	7	{"terminated":{"containerID":"containerd://59668f4c25b421d0dd78f84cdc1a233f075ac37c9fb5523e9a75f1952ec6a44f","exitCode":1,"finishedAt":"2026-08-08T09:36:13Z","reason":"Error","startedAt":"2026-08-08T09:36:13Z"}}	2026-08-08T09:31:08Z	2026-08-08T09:31:08Z
1786181856.860099000	7	{"terminated":{"containerID":"containerd://59668f4c25b421d0dd78f84cdc1a233f075ac37c9fb5523e9a75f1952ec6a44f","exitCode":1,"finishedAt":"2026-08-08T09:36:13Z","reason":"Error","startedAt":"2026-08-08T09:36:13Z"}}	2026-08-08T09:31:08Z	2026-08-08T09:31:08Z
1786181857.893111000	7	{"terminated":{"containerID":"containerd://59668f4c25b421d0dd78f84cdc1a233f075ac37c9fb5523e9a75f1952ec6a44f","exitCode":1,"finishedAt":"2026-08-08T09:36:13Z","reason":"Error","startedAt":"2026-08-08T09:36:13Z"}}	2026-08-08T09:31:08Z	2026-08-08T09:31:08Z
1786181858.939283000	7	{"terminated":{"containerID":"containerd://59668f4c25b421d0dd78f84cdc1a233f075ac37c9fb5523e9a75f1952ec6a44f","exitCode":1,"finishedAt":"2026-08-08T09:36:13Z","reason":"Error","startedAt":"2026-08-08T09:36:13Z"}}	2026-08-08T09:31:08Z	2026-08-08T09:31:08Z
1786181859.996340000	7	{"terminated":{"containerID":"containerd://59668f4c25b421d0dd78f84cdc1a233f075ac37c9fb5523e9a75f1952ec6a44f","exitCode":1,"finishedAt":"2026-08-08T09:36:13Z","reason":"Error","startedAt":"2026-08-08T09:36:13Z"}}	2026-08-08T09:31:08Z	2026-08-08T09:31:08Z
1786181861.038496000	7	{"terminated":{"containerID":"containerd://59668f4c25b421d0dd78f84cdc1a233f075ac37c9fb5523e9a75f1952ec6a44f","exitCode":1,"finishedAt":"2026-08-08T09:36:13Z","reason":"Error","startedAt":"2026-08-08T09:36:13Z"}}	2026-08-08T09:31:08Z	2026-08-08T09:31:08Z
1786181862.085648000	7	{"terminated":{"containerID":"containerd://59668f4c25b421d0dd78f84cdc1a233f075ac37c9fb5523e9a75f1952ec6a44f","exitCode":1,"finishedAt":"2026-08-08T09:36:13Z","reason":"Error","startedAt":"2026-08-08T09:36:13Z"}}	2026-08-08T09:31:08Z	2026-08-08T09:31:08Z
1786181863.138088000	7	{"waiting":{"message":"back-off 5m0s restarting failed container=app pod=crash_default(f580c79c-b902-45cb-a3e3-acccd8e5d935)","reason":"CrashLoopBackOff"}}	2026-08-08T09:36:13Z	2026-08-08T09:36:13Z
1786181864.198472000	7	{"waiting":{"message":"back-off 5m0s restarting failed container=app pod=crash_default(f580c79c-b902-45cb-a3e3-acccd8e5d935)","reason":"CrashLoopBackOff"}}	2026-08-08T09:36:13Z	2026-08-08T09:36:13Z
1786181865.256787000	7	{"waiting":{"message":"back-off 5m0s restarting failed container=app pod=crash_default(f580c79c-b902-45cb-a3e3-acccd8e5d935)","reason":"CrashLoopBackOff"}}	2026-08-08T09:36:13Z	2026-08-08T09:36:13Z
1786181866.314024000	7	{"waiting":{"message":"back-off 5m0s restarting failed container=app pod=crash_default(f580c79c-b902-45cb-a3e3-acccd8e5d935)","reason":"CrashLoopBackOff"}}	2026-08-08T09:36:13Z	2026-08-08T09:36:13Z
1786181867.375194000	7	{"waiting":{"message":"back-off 5m0s restarting failed container=app pod=crash_default(f580c79c-b902-45cb-a3e3-acccd8e5d935)","reason":"CrashLoopBackOff"}}	2026-08-08T09:36:13Z	2026-08-08T09:36:13Z
1786181868.433223000	7	{"waiting":{"message":"back-off 5m0s restarting failed container=app pod=crash_default(f580c79c-b902-45cb-a3e3-acccd8e5d935)","reason":"CrashLoopBackOff"}}	2026-08-08T09:36:13Z	2026-08-08T09:36:13Z
1786181869.485391000	7	{"waiting":{"message":"back-off 5m0s restarting failed container=app pod=crash_default(f580c79c-b902-45cb-a3e3-acccd8e5d935)","reason":"CrashLoopBackOff"}}	2026-08-08T09:36:13Z	2026-08-08T09:36:13Z
1786181870.530343000	7	{"waiting":{"message":"back-off 5m0s restarting failed container=app pod=crash_default(f580c79c-b902-45cb-a3e3-acccd8e5d935)","reason":"CrashLoopBackOff"}}	2026-08-08T09:36:13Z	2026-08-08T09:36:13Z
1786181871.581796000	7	{"waiting":{"message":"back-off 5m0s restarting failed container=app pod=crash_default(f580c79c-b902-45cb-a3e3-acccd8e5d935)","reason":"CrashLoopBackOff"}}	2026-08-08T09:36:13Z	2026-08-08T09:36:13Z
1786181872.638935000	7	{"waiting":{"message":"back-off 5m0s restarting failed container=app pod=crash_default(f580c79c-b902-45cb-a3e3-acccd8e5d935)","reason":"CrashLoopBackOff"}}	2026-08-08T09:36:13Z	2026-08-08T09:36:13Z
1786181873.694765000	7	{"waiting":{"message":"back-off 5m0s restarting failed container=app pod=crash_default(f580c79c-b902-45cb-a3e3-acccd8e5d935)","reason":"CrashLoopBackOff"}}	2026-08-08T09:36:13Z	2026-08-08T09:36:13Z
1786181874.751326000	7	{"waiting":{"message":"back-off 5m0s restarting failed container=app pod=crash_default(f580c79c-b902-45cb-a3e3-acccd8e5d935)","reason":"CrashLoopBackOff"}}	2026-08-08T09:36:13Z	2026-08-08T09:36:13Z
1786181875.808657000	7	{"waiting":{"message":"back-off 5m0s restarting failed container=app pod=crash_default(f580c79c-b902-45cb-a3e3-acccd8e5d935)","reason":"CrashLoopBackOff"}}	2026-08-08T09:36:13Z	2026-08-08T09:36:13Z
1786181876.870623000	7	{"waiting":{"message":"back-off 5m0s restarting failed container=app pod=crash_default(f580c79c-b902-45cb-a3e3-acccd8e5d935)","reason":"CrashLoopBackOff"}}	2026-08-08T09:36:13Z	2026-08-08T09:36:13Z
1786181877.933330000	7	{"waiting":{"message":"back-off 5m0s restarting failed container=app pod=crash_default(f580c79c-b902-45cb-a3e3-acccd8e5d935)","reason":"CrashLoopBackOff"}}	2026-08-08T09:36:13Z	2026-08-08T09:36:13Z
1786181878.992161000	7	{"waiting":{"message":"back-off 5m0s restarting failed container=app pod=crash_default(f580c79c-b902-45cb-a3e3-acccd8e5d935)","reason":"CrashLoopBackOff"}}	2026-08-08T09:36:13Z	2026-08-08T09:36:13Z
1786181880.040120000	7	{"waiting":{"message":"back-off 5m0s restarting failed container=app pod=crash_default(f580c79c-b902-45cb-a3e3-acccd8e5d935)","reason":"CrashLoopBackOff"}}	2026-08-08T09:36:13Z	2026-08-08T09:36:13Z
1786181881.091870000	7	{"waiting":{"message":"back-off 5m0s restarting failed container=app pod=crash_default(f580c79c-b902-45cb-a3e3-acccd8e5d935)","reason":"CrashLoopBackOff"}}	2026-08-08T09:36:13Z	2026-08-08T09:36:13Z
1786181882.147775000	7	{"waiting":{"message":"back-off 5m0s restarting failed container=app pod=crash_default(f580c79c-b902-45cb-a3e3-acccd8e5d935)","reason":"CrashLoopBackOff"}}	2026-08-08T09:36:13Z	2026-08-08T09:36:13Z
1786181883.206189000	7	{"waiting":{"message":"back-off 5m0s restarting failed container=app pod=crash_default(f580c79c-b902-45cb-a3e3-acccd8e5d935)","reason":"CrashLoopBackOff"}}	2026-08-08T09:36:13Z	2026-08-08T09:36:13Z
1786181884.264571000	7	{"waiting":{"message":"back-off 5m0s restarting failed container=app pod=crash_default(f580c79c-b902-45cb-a3e3-acccd8e5d935)","reason":"CrashLoopBackOff"}}	2026-08-08T09:36:13Z	2026-08-08T09:36:13Z
1786181885.316497000	7	{"waiting":{"message":"back-off 5m0s restarting failed container=app pod=crash_default(f580c79c-b902-45cb-a3e3-acccd8e5d935)","reason":"CrashLoopBackOff"}}	2026-08-08T09:36:13Z	2026-08-08T09:36:13Z
1786181886.366051000	7	{"waiting":{"message":"back-off 5m0s restarting failed container=app pod=crash_default(f580c79c-b902-45cb-a3e3-acccd8e5d935)","reason":"CrashLoopBackOff"}}	2026-08-08T09:36:13Z	2026-08-08T09:36:13Z
1786181887.399782000	7	{"waiting":{"message":"back-off 5m0s restarting failed container=app pod=crash_default(f580c79c-b902-45cb-a3e3-acccd8e5d935)","reason":"CrashLoopBackOff"}}	2026-08-08T09:36:13Z	2026-08-08T09:36:13Z
1786181888.445383000	7	{"waiting":{"message":"back-off 5m0s restarting failed container=app pod=crash_default(f580c79c-b902-45cb-a3e3-acccd8e5d935)","reason":"CrashLoopBackOff"}}	2026-08-08T09:36:13Z	2026-08-08T09:36:13Z
1786181889.494344000	7	{"waiting":{"message":"back-off 5m0s restarting failed container=app pod=crash_default(f580c79c-b902-45cb-a3e3-acccd8e5d935)","reason":"CrashLoopBackOff"}}	2026-08-08T09:36:13Z	2026-08-08T09:36:13Z
1786181890.535984000	7	{"waiting":{"message":"back-off 5m0s restarting failed container=app pod=crash_default(f580c79c-b902-45cb-a3e3-acccd8e5d935)","reason":"CrashLoopBackOff"}}	2026-08-08T09:36:13Z	2026-08-08T09:36:13Z
1786181891.584330000	7	{"waiting":{"message":"back-off 5m0s restarting failed container=app pod=crash_default(f580c79c-b902-45cb-a3e3-acccd8e5d935)","reason":"CrashLoopBackOff"}}	2026-08-08T09:36:13Z	2026-08-08T09:36:13Z
1786181892.641302000	7	{"waiting":{"message":"back-off 5m0s restarting failed container=app pod=crash_default(f580c79c-b902-45cb-a3e3-acccd8e5d935)","reason":"CrashLoopBackOff"}}	2026-08-08T09:36:13Z	2026-08-08T09:36:13Z
1786181893.701526000	7	{"waiting":{"message":"back-off 5m0s restarting failed container=app pod=crash_default(f580c79c-b902-45cb-a3e3-acccd8e5d935)","reason":"CrashLoopBackOff"}}	2026-08-08T09:36:13Z	2026-08-08T09:36:13Z
1786181894.763711000	7	{"waiting":{"message":"back-off 5m0s restarting failed container=app pod=crash_default(f580c79c-b902-45cb-a3e3-acccd8e5d935)","reason":"CrashLoopBackOff"}}	2026-08-08T09:36:13Z	2026-08-08T09:36:13Z
1786181895.821863000	7	{"waiting":{"message":"back-off 5m0s restarting failed container=app pod=crash_default(f580c79c-b902-45cb-a3e3-acccd8e5d935)","reason":"CrashLoopBackOff"}}	2026-08-08T09:36:13Z	2026-08-08T09:36:13Z
1786181896.881247000	7	{"waiting":{"message":"back-off 5m0s restarting failed container=app pod=crash_default(f580c79c-b902-45cb-a3e3-acccd8e5d935)","reason":"CrashLoopBackOff"}}	2026-08-08T09:36:13Z	2026-08-08T09:36:13Z
1786181897.942903000	7	{"waiting":{"message":"back-off 5m0s restarting failed container=app pod=crash_default(f580c79c-b902-45cb-a3e3-acccd8e5d935)","reason":"CrashLoopBackOff"}}	2026-08-08T09:36:13Z	2026-08-08T09:36:13Z
1786181899.000767000	7	{"waiting":{"message":"back-off 5m0s restarting failed container=app pod=crash_default(f580c79c-b902-45cb-a3e3-acccd8e5d935)","reason":"CrashLoopBackOff"}}	2026-08-08T09:36:13Z	2026-08-08T09:36:13Z
1786181900.043905000	7	{"waiting":{"message":"back-off 5m0s restarting failed container=app pod=crash_default(f580c79c-b902-45cb-a3e3-acccd8e5d935)","reason":"CrashLoopBackOff"}}	2026-08-08T09:36:13Z	2026-08-08T09:36:13Z
1786181901.095002000	7	{"waiting":{"message":"back-off 5m0s restarting failed container=app pod=crash_default(f580c79c-b902-45cb-a3e3-acccd8e5d935)","reason":"CrashLoopBackOff"}}	2026-08-08T09:36:13Z	2026-08-08T09:36:13Z
1786181902.152400000	7	{"waiting":{"message":"back-off 5m0s restarting failed container=app pod=crash_default(f580c79c-b902-45cb-a3e3-acccd8e5d935)","reason":"CrashLoopBackOff"}}	2026-08-08T09:36:13Z	2026-08-08T09:36:13Z
1786181903.218369000	7	{"waiting":{"message":"back-off 5m0s restarting failed container=app pod=crash_default(f580c79c-b902-45cb-a3e3-acccd8e5d935)","reason":"CrashLoopBackOff"}}	2026-08-08T09:36:13Z	2026-08-08T09:36:13Z
1786181904.281632000	7	{"waiting":{"message":"back-off 5m0s restarting failed container=app pod=crash_default(f580c79c-b902-45cb-a3e3-acccd8e5d935)","reason":"CrashLoopBackOff"}}	2026-08-08T09:36:13Z	2026-08-08T09:36:13Z
1786181905.341753000	7	{"waiting":{"message":"back-off 5m0s restarting failed container=app pod=crash_default(f580c79c-b902-45cb-a3e3-acccd8e5d935)","reason":"CrashLoopBackOff"}}	2026-08-08T09:36:13Z	2026-08-08T09:36:13Z
1786181906.396011000	7	{"waiting":{"message":"back-off 5m0s restarting failed container=app pod=crash_default(f580c79c-b902-45cb-a3e3-acccd8e5d935)","reason":"CrashLoopBackOff"}}	2026-08-08T09:36:13Z	2026-08-08T09:36:13Z
1786181907.435010000	7	{"waiting":{"message":"back-off 5m0s restarting failed container=app pod=crash_default(f580c79c-b902-45cb-a3e3-acccd8e5d935)","reason":"CrashLoopBackOff"}}	2026-08-08T09:36:13Z	2026-08-08T09:36:13Z
1786181908.484252000	7	{"waiting":{"message":"back-off 5m0s restarting failed container=app pod=crash_default(f580c79c-b902-45cb-a3e3-acccd8e5d935)","reason":"CrashLoopBackOff"}}	2026-08-08T09:36:13Z	2026-08-08T09:36:13Z
1786181909.547778000	7	{"waiting":{"message":"back-off 5m0s restarting failed container=app pod=crash_default(f580c79c-b902-45cb-a3e3-acccd8e5d935)","reason":"CrashLoopBackOff"}}	2026-08-08T09:36:13Z	2026-08-08T09:36:13Z
# end
